key,T6_1_HB_H,T6_1_FA_H,flood_depth_m,flood_frac,m2_lo,m2_mid,m2_hi,dmg_lo,dmg_eur,dmg_hi
267079009,72,4,0.0,0.0,0.0,0.0,0.0,0.0,0.0,0.0
267079012,79,25,0.0,0.0,0.0,0.0,0.0,0.0,0.0,0.0
267079007,86,0,0.0,0.0,0.0,0.0,0.0,0.0,0.0,0.0
267079001,3,193,0.0,0.0,0.0,0.0,0.0,0.0,0.0,0.0
267079002,74,2,0.0,0.0,0.0,0.0,0.0,0.0,0.0,0.0
267079014,80,0,0.0,0.0,0.0,0.0,0.0,0.0,0.0,0.0
267079013,86,0,0.0,0.0,0.0,0.0,0.0,0.0,0.0,0.0
267079011,12,57,0.0,0.0,0.0,0.0,0.0,0.0,0.0,0.0
267127007,51,17,0.0,0.0,0.0,0.0,0.0,0.0,0.0,0.0
267129005,74,9,0.0,0.0,0.0,0.0,0.0,0.0,0.0,0.0
267020011,134,0,0.0,0.0,0.0,0.0,0.0,0.0,0.0,0.0
267020005,132,17,0.0,0.0,0.0,0.0,0.0,0.0,0.0,0.0
267020004,94,0,0.0,0.0,0.0,0.0,0.0,0.0,0.0,0.0
267020010,74,1,0.0,0.0,0.0,0.0,0.0,0.0,0.0,0.0
267021005,2,72,0.0,0.0,0.0,0.0,0.0,0.0,0.0,0.0
267021002,139,0,0.0,0.0,0.0,0.0,0.0,0.0,0.0,0.0
267021004/267026005,119,0,0.0,0.0,0.0,0.0,0.0,0.0,0.0,0.0
267021003,99,0,0.0,0.0,0.0,0.0,0.0,0.0,0.0,0.0
267069004,70,7,0.0,0.0,0.0,0.0,0.0,0.0,0.0,0.0
267044004,130,1,0.0,0.0,0.0,0.0,0.0,0.0,0.0,0.0
267044003,118,0,0.0,0.0,0.0,0.0,0.0,0.0,0.0,0.0
267044006,114,0,0.0,0.0,0.0,0.0,0.0,0.0,0.0,0.0
267044001,87,27,0.0,0.0,0.0,0.0,0.0,0.0,0.0,0.0
267043001,81,0,0.0,0.0,0.0,0.0,0.0,0.0,0.0,0.0
267043006,79,0,0.0,0.0,0.0,0.0,0.0,0.0,0.0,0.0
267043004,42,36,0.0,0.0,0.0,0.0,0.0,0.0,0.0,0.0
267043002,76,6,0.0,0.0,0.0,0.0,0.0,0.0,0.0,0.0
268127003,90,10,0.0,0.0,0.0,0.0,0.0,0.0,0.0,0.0
268127001,128,0,0.0,0.0,0.0,0.0,0.0,0.0,0.0,0.0
268127004,84,7,0.0,0.0,0.0,0.0,0.0,0.0,0.0,0.0
268127002,106,11,0.0,0.0,0.0,0.0,0.0,0.0,0.0,0.0
268127007,59,0,0.0,0.0,0.0,0.0,0.0,0.0,0.0,0.0
268127011,85,21,0.0,0.0,0.0,0.0,0.0,0.0,0.0,0.0
268127016,66,38,0.0,0.0,0.0,0.0,0.0,0.0,0.0,0.0
268127010/03,30,88,0.0,0.0,0.0,0.0,0.0,0.0,0.0,0.0
268127006,0,78,0.0,0.0,0.0,0.0,0.0,0.0,0.0,0.0
268127015,48,62,0.0,0.0,0.0,0.0,0.0,0.0,0.0,0.0
268127008,94,0,0.0,0.0,0.0,0.0,0.0,0.0,0.0,0.0
268127018,56,31,0.0,0.0,0.0,0.0,0.0,0.0,0.0,0.0
268127017,32,37,0.0,0.0,0.0,0.0,0.0,0.0,0.0,0.0
268127012,54,41,0.0,0.0,0.0,0.0,0.0,0.0,0.0,0.0
268127009,12,77,0.0,0.0,0.0,0.0,0.0,0.0,0.0,0.0
268136007,48,29,0.0,0.0,0.0,0.0,0.0,0.0,0.0,0.0
268136009,28,33,0.0,0.0,0.0,0.0,0.0,0.0,0.0,0.0
268136014,26,99,0.0,0.0,0.0,0.0,0.0,0.0,0.0,0.0
268136002,64,41,0.0,0.0,0.0,0.0,0.0,0.0,0.0,0.0
268136003,37,54,0.0,0.0,0.0,0.0,0.0,0.0,0.0,0.0
268134009,34,24,0.0,0.0,0.0,0.0,0.0,0.0,0.0,0.0
268136015,47,33,0.0,0.0,0.0,0.0,0.0,0.0,0.0,0.0
267044007,82,0,0.0,0.0,0.0,0.0,0.0,0.0,0.0,0.0
267042001,54,41,0.0,0.0,0.0,0.0,0.0,0.0,0.0,0.0
267042004/267043001,85,4,0.0,0.0,0.0,0.0,0.0,0.0,0.0,0.0
267042003,97,0,0.0,0.0,0.0,0.0,0.0,0.0,0.0,0.0
267042002/02,100,90,0.0,0.0,0.0,0.0,0.0,0.0,0.0,0.0
267042002/01,104,0,0.0,0.0,0.0,0.0,0.0,0.0,0.0,0.0
267045002,102,0,0.0,0.0,0.0,0.0,0.0,0.0,0.0,0.0
267045001,74,20,0.0,0.0,0.0,0.0,0.0,0.0,0.0,0.0
268135007,19,62,0.0,0.0,0.0,0.0,0.0,0.0,0.0,0.0
268135001,45,41,0.0,0.0,0.0,0.0,0.0,0.0,0.0,0.0
268135006,75,0,0.0,0.0,0.0,0.0,0.0,0.0,0.0,0.0
267081008,84,0,0.0,0.0,0.0,0.0,0.0,0.0,0.0,0.0
267081001,71,0,0.0,0.0,0.0,0.0,0.0,0.0,0.0,0.0
267044010,117,0,0.0,0.0,0.0,0.0,0.0,0.0,0.0,0.0
267081007,105,12,0.0,0.0,0.0,0.0,0.0,0.0,0.0,0.0
267081004,104,2,0.0,0.0,0.0,0.0,0.0,0.0,0.0,0.0
267081005,1,75,0.0,0.0,0.0,0.0,0.0,0.0,0.0,0.0
267081003,139,1,0.0,0.0,0.0,0.0,0.0,0.0,0.0,0.0
267081006/01,72,0,0.0,0.0,0.0,0.0,0.0,0.0,0.0,0.0
267081006/03,0,89,0.0,0.0,0.0,0.0,0.0,0.0,0.0,0.0
267076004,109,3,1.2596452173913042,0.15353805073431243,218.17125616641096,449.99727519626305,1198.3818521769415,545428.1404160274,1124993.1879906575,2995954.630442354
267068004,80,3,0.0,0.0,0.0,0.0,0.0,0.0,0.0,0.0
267068006,68,17,0.0,0.0,0.0,0.0,0.0,0.0,0.0,0.0
267068005,83,0,0.0,0.0,0.0,0.0,0.0,0.0,0.0,0.0
267076005,50,24,1.2211315068493152,0.3093220338983051,252.4644250040978,525.1455304768101,1415.6861108158296,631161.0625102444,1312863.8261920253,3539215.277039574
267076006,44,40,1.3696337662337663,0.11095100864553314,96.04186693490601,210.21915055130006,559.646862444302,240104.66733726504,525547.8763782502,1399117.156110755
267067005,67,17,0.0,0.0,0.0,0.0,0.0,0.0,0.0,0.0
267067004,76,43,0.0,0.0,0.0,0.0,0.0,0.0,0.0,0.0
267068003,15,36,0.0,0.0,0.0,0.0,0.0,0.0,0.0,0.0
267067007,38,41,0.0,0.0,0.0,0.0,0.0,0.0,0.0,0.0
267067011,53,24,0.0,0.0,0.0,0.0,0.0,0.0,0.0,0.0
267068002,77,33,1.653191133004926,0.07208806818181818,89.12137674976938,209.58402754452814,542.0457660156633,222803.44187442344,523960.0688613203,1355114.4150391582
267067009,65,7,0.0,0.0,0.0,0.0,0.0,0.0,0.0,0.0
267077006,76,33,0.0,0.0,0.0,0.0,0.0,0.0,0.0,0.0
267067010,69,25,0.0,0.0,0.0,0.0,0.0,0.0,0.0,0.0
267067006,9,115,0.0,0.0,0.0,0.0,0.0,0.0,0.0,0.0
267067008,49,21,0.0,0.0,0.0,0.0,0.0,0.0,0.0,0.0
267077005,110,4,0.0,0.0,0.0,0.0,0.0,0.0,0.0,0.0
267067003,62,49,1.7576100094428708,0.2605807086614173,303.3955063433564,741.1873771126766,1906.6766134330041,758488.765858391,1852968.4427816914,4766691.53358251
267077007,92,0,0.0,0.0,0.0,0.0,0.0,0.0,0.0,0.0
267067002,30,45,0.6452236363636364,0.025298988040478382,15.323206648285314,27.43870198283048,81.30989010297841,38308.016620713286,68596.7549570762,203274.72525744603
267077003,117,11,0.0,0.0,0.0,0.0,0.0,0.0,0.0,0.0
267077002,74,3,0.0,0.0,0.0,0.0,0.0,0.0,0.0,0.0
267077004,63,38,0.0,0.0,0.0,0.0,0.0,0.0,0.0,0.0
267067001/267067012,0,109,0.6218011235955057,0.03607620591811917,24.772914591643296,45.23873481488125,136.65181953522497,61932.28647910824,113096.83703720312,341629.54883806244
267077001/01,11,25,0.0,0.0,0.0,0.0,0.0,0.0,0.0,0.0
267077010,0,105,0.0,0.0,0.0,0.0,0.0,0.0,0.0,0.0
267077001/02,9,82,0.0,0.0,0.0,0.0,0.0,0.0,0.0,0.0
267077009,39,37,1.0705799999999999,0.0326619488296135,24.32106486920644,49.95052493314404,138.92132744184443,60802.662173016106,124876.31233286009,347303.3186046111
267077001/03,6,92,0.0,0.0,0.0,0.0,0.0,0.0,0.0,0.0
267077008,44,50,1.320756,0.013935340022296544,13.111899378307339,28.381087556770453,76.01975917046204,32779.748445768346,70952.71889192614,190049.3979261551
267069001/01,92,1,0.0,0.0,0.0,0.0,0.0,0.0,0.0,0.0
267069001/08,19,89,0.0,0.0,0.0,0.0,0.0,0.0,0.0,0.0
267069001/09,65,18,0.0,0.0,0.0,0.0,0.0,0.0,0.0,0.0
267075008,17,85,1.105192467948718,0.09864053114132153,81.82910918421902,173.542554190383,484.700964502866,204572.77296054756,433856.3854759575,1211752.411257165
267124007,80,0,0.0,0.0,0.0,0.0,0.0,0.0,0.0,0.0
267124001,109,0,0.0,0.0,0.0,0.0,0.0,0.0,0.0,0.0
267124009,74,0,0.0,0.0,0.0,0.0,0.0,0.0,0.0,0.0
267124002,63,4,0.0,0.0,0.0,0.0,0.0,0.0,0.0,0.0
267128001,124,0,0.0,0.0,0.0,0.0,0.0,0.0,0.0,0.0
267129003,123,3,0.0,0.0,0.0,0.0,0.0,0.0,0.0,0.0
267124008,121,0,0.0,0.0,0.0,0.0,0.0,0.0,0.0,0.0
267129006,99,18,0.0,0.0,0.0,0.0,0.0,0.0,0.0,0.0
267124003,103,0,0.0,0.0,0.0,0.0,0.0,0.0,0.0,0.0
267129007,22,92,0.0,0.0,0.0,0.0,0.0,0.0,0.0,0.0
267124010,128,2,0.0,0.0,0.0,0.0,0.0,0.0,0.0,0.0
267129002,146,0,0.0,0.0,0.0,0.0,0.0,0.0,0.0,0.0
267058001/01,61,58,0.0,0.0,0.0,0.0,0.0,0.0,0.0,0.0
267129008,0,84,0.0,0.0,0.0,0.0,0.0,0.0,0.0,0.0
267129004,65,37,0.0,0.0,0.0,0.0,0.0,0.0,0.0,0.0
267058001/02,84,60,0.0,0.0,0.0,0.0,0.0,0.0,0.0,0.0
267026001,17,89,0.0,0.0,0.0,0.0,0.0,0.0,0.0,0.0
267021006,83,10,0.0,0.0,0.0,0.0,0.0,0.0,0.0,0.0
267058006,120,12,0.0,0.0,0.0,0.0,0.0,0.0,0.0,0.0
267129001,84,0,0.0,0.0,0.0,0.0,0.0,0.0,0.0,0.0
267124005,76,9,0.0,0.0,0.0,0.0,0.0,0.0,0.0,0.0
267058005,81,0,0.0,0.0,0.0,0.0,0.0,0.0,0.0,0.0
267124004,111,0,0.0,0.0,0.0,0.0,0.0,0.0,0.0,0.0
267021001,67,27,0.0,0.0,0.0,0.0,0.0,0.0,0.0,0.0
267058008,1,101,0.0,0.0,0.0,0.0,0.0,0.0,0.0,0.0
267026003,11,89,0.0,0.0,0.0,0.0,0.0,0.0,0.0,0.0
267021012,0,114,0.0,0.0,0.0,0.0,0.0,0.0,0.0,0.0
267058004,76,18,0.0,0.0,0.0,0.0,0.0,0.0,0.0,0.0
267058003,88,25,0.0,0.0,0.0,0.0,0.0,0.0,0.0,0.0
267124006,120,1,0.0,0.0,0.0,0.0,0.0,0.0,0.0,0.0
267056005/01,28,88,0.0,0.0,0.0,0.0,0.0,0.0,0.0,0.0
267019007,0,117,0.0,0.0,0.0,0.0,0.0,0.0,0.0,0.0
267019008,62,31,0.0,0.0,0.0,0.0,0.0,0.0,0.0,0.0
267056003,102,0,0.0,0.0,0.0,0.0,0.0,0.0,0.0,0.0
267128003,120,0,0.0,0.0,0.0,0.0,0.0,0.0,0.0,0.0
267128005,50,1,0.0,0.0,0.0,0.0,0.0,0.0,0.0,0.0
267128002,117,0,0.0,0.0,0.0,0.0,0.0,0.0,0.0,0.0
267128007,106,1,0.0,0.0,0.0,0.0,0.0,0.0,0.0,0.0
267128006,85,0,0.0,0.0,0.0,0.0,0.0,0.0,0.0,0.0
267128004,92,0,0.0,0.0,0.0,0.0,0.0,0.0,0.0,0.0
267075001,83,19,0.0,0.0,0.0,0.0,0.0,0.0,0.0,0.0
267025004,103,0,0.0,0.0,0.0,0.0,0.0,0.0,0.0,0.0
267017013,118,5,0.0,0.0,0.0,0.0,0.0,0.0,0.0,0.0
267017002,79,5,0.0,0.0,0.0,0.0,0.0,0.0,0.0,0.0
267075003,44,18,0.0,0.0,0.0,0.0,0.0,0.0,0.0,0.0
267025002,136,0,0.0,0.0,0.0,0.0,0.0,0.0,0.0,0.0
267017011,81,52,0.0,0.0,0.0,0.0,0.0,0.0,0.0,0.0
267017001,71,0,0.0,0.0,0.0,0.0,0.0,0.0,0.0,0.0
267025001/267025011,90,20,0.0,0.0,0.0,0.0,0.0,0.0,0.0,0.0
267017003,86,0,0.0,0.0,0.0,0.0,0.0,0.0,0.0,0.0
267017012,85,17,0.0,0.0,0.0,0.0,0.0,0.0,0.0,0.0
267075006,5,95,0.0,0.0,0.0,0.0,0.0,0.0,0.0,0.0
267017010,24,72,0.0,0.0,0.0,0.0,0.0,0.0,0.0,0.0
267017009,9,103,0.0,0.0,0.0,0.0,0.0,0.0,0.0,0.0
267075005,89,19,0.0,0.0,0.0,0.0,0.0,0.0,0.0,0.0
267017004/267018005,87,28,0.0,0.0,0.0,0.0,0.0,0.0,0.0,0.0
267018002,77,3,0.846243103448276,0.02837573385518591,25.608013023672893,48.22471190655297,136.87666839852508,64020.03255918223,120561.77976638242,342191.6709963127
267075002,7,65,0.0,0.0,0.0,0.0,0.0,0.0,0.0,0.0
267025003,89,2,0.0,0.0,0.0,0.0,0.0,0.0,0.0,0.0
267075007,21,59,0.8298249999999999,0.011970074812967581,7.667733034867798,14.880311570091813,43.027060773412195,19169.332587169494,37200.77892522953,107567.65193353049
267025008,67,6,0.0,0.0,0.0,0.0,0.0,0.0,0.0,0.0
267018007,59,36,0.0,0.0,0.0,0.0,0.0,0.0,0.0,0.0
267018005/267017004,43,17,0.0,0.0,0.0,0.0,0.0,0.0,0.0,0.0
267025009,102,12,0.0,0.0,0.0,0.0,0.0,0.0,0.0,0.0
267018003,30,42,0.0,0.0,0.0,0.0,0.0,0.0,0.0,0.0
267075009,0,77,0.0,0.0,0.0,0.0,0.0,0.0,0.0,0.0
267018001,82,20,0.0,0.0,0.0,0.0,0.0,0.0,0.0,0.0
267018004,55,11,0.8088151162790698,0.03511637403021641,24.480135697031645,45.686780718843416,130.56204947029113,61200.33924257912,114216.95179710854,326405.1236757278
267018006,56,24,0.0,0.0,0.0,0.0,0.0,0.0,0.0,0.0
267025010,28,49,0.0,0.0,0.0,0.0,0.0,0.0,0.0,0.0
267025006,85,9,0.0,0.0,0.0,0.0,0.0,0.0,0.0,0.0
267025007,36,75,0.0,0.0,0.0,0.0,0.0,0.0,0.0,0.0
267025011,54,36,0.714687074829932,0.1416184971098266,117.20784114371114,213.1956455353473,620.5385250047308,293019.60285927786,532989.1138383682,1551346.3125118269
267025005,32,39,0.8944319672131148,0.061866125760649086,39.71050893929131,78.0115038597165,222.69470135814214,99276.27234822827,195028.75964929126,556736.7533953553
267021013/267026008,51,41,1.0081493150684933,0.09231158320687911,83.58794847607388,169.51296901911002,476.6511461214376,208969.8711901847,423782.42254777503,1191627.865303594
267021008,67,4,0.0,0.0,0.0,0.0,0.0,0.0,0.0,0.0
268129017,109,0,0.0,0.0,0.0,0.0,0.0,0.0,0.0,0.0
267059006,102,21,0.0,0.0,0.0,0.0,0.0,0.0,0.0,0.0
267059005,108,2,0.0,0.0,0.0,0.0,0.0,0.0,0.0,0.0
267082003,66,21,0.0,0.0,0.0,0.0,0.0,0.0,0.0,0.0
267059008,64,6,0.0,0.0,0.0,0.0,0.0,0.0,0.0,0.0
267082001,141,10,0.0,0.0,0.0,0.0,0.0,0.0,0.0,0.0
267059003,129,1,0.0,0.0,0.0,0.0,0.0,0.0,0.0,0.0
267059007,73,10,0.0,0.0,0.0,0.0,0.0,0.0,0.0,0.0
268129016,67,61,0.0,0.0,0.0,0.0,0.0,0.0,0.0,0.0
268129019,43,33,0.0,0.0,0.0,0.0,0.0,0.0,0.0,0.0
267082002,125,0,0.0,0.0,0.0,0.0,0.0,0.0,0.0,0.0
267059002,86,19,0.0,0.0,0.0,0.0,0.0,0.0,0.0,0.0
268129001,36,60,0.0,0.0,0.0,0.0,0.0,0.0,0.0,0.0
267059001,87,0,0.0,0.0,0.0,0.0,0.0,0.0,0.0,0.0
268129026,36,29,0.0,0.0,0.0,0.0,0.0,0.0,0.0,0.0
267082010,62,8,0.0,0.0,0.0,0.0,0.0,0.0,0.0,0.0
267082008,75,2,0.0,0.0,0.0,0.0,0.0,0.0,0.0,0.0
267082005,93,17,0.0,0.0,0.0,0.0,0.0,0.0,0.0,0.0
268113004,65,35,0.0,0.0,0.0,0.0,0.0,0.0,0.0,0.0
267056002,82,14,0.0,0.0,0.0,0.0,0.0,0.0,0.0,0.0
267059009,103,21,0.0,0.0,0.0,0.0,0.0,0.0,0.0,0.0
267082006,133,0,0.0,0.0,0.0,0.0,0.0,0.0,0.0,0.0
267059010,27,103,0.0,0.0,0.0,0.0,0.0,0.0,0.0,0.0
267082004,85,0,0.0,0.0,0.0,0.0,0.0,0.0,0.0,0.0
268129024,60,0,0.0,0.0,0.0,0.0,0.0,0.0,0.0,0.0
267082007,91,0,0.0,0.0,0.0,0.0,0.0,0.0,0.0,0.0
267082009,55,25,0.0,0.0,0.0,0.0,0.0,0.0,0.0,0.0
267058007,95,3,0.0,0.0,0.0,0.0,0.0,0.0,0.0,0.0
267058009/01,30,61,0.0,0.0,0.0,0.0,0.0,0.0,0.0,0.0
267058010,30,52,0.0,0.0,0.0,0.0,0.0,0.0,0.0,0.0
267058009/02,0,144,0.0,0.0,0.0,0.0,0.0,0.0,0.0,0.0
267055003,128,0,0.0,0.0,0.0,0.0,0.0,0.0,0.0,0.0
267055008,82,0,0.0,0.0,0.0,0.0,0.0,0.0,0.0,0.0
267055002,110,17,0.0,0.0,0.0,0.0,0.0,0.0,0.0,0.0
267055005,71,14,0.0,0.0,0.0,0.0,0.0,0.0,0.0,0.0
267055001,87,18,0.0,0.0,0.0,0.0,0.0,0.0,0.0,0.0
267055004,87,0,0.0,0.0,0.0,0.0,0.0,0.0,0.0,0.0
267055007,61,19,0.0,0.0,0.0,0.0,0.0,0.0,0.0,0.0
267056001,1,81,0.0,0.0,0.0,0.0,0.0,0.0,0.0,0.0
267056004,111,2,0.0,0.0,0.0,0.0,0.0,0.0,0.0,0.0
268113005,54,65,0.0,0.0,0.0,0.0,0.0,0.0,0.0,0.0
268113006,140,2,0.0,0.0,0.0,0.0,0.0,0.0,0.0,0.0
268113008,43,72,0.0,0.0,0.0,0.0,0.0,0.0,0.0,0.0
268113007,34,72,0.0,0.0,0.0,0.0,0.0,0.0,0.0,0.0
268113003,50,39,0.0,0.0,0.0,0.0,0.0,0.0,0.0,0.0
268113002,26,42,0.0,0.0,0.0,0.0,0.0,0.0,0.0,0.0
268113001,50,59,0.0,0.0,0.0,0.0,0.0,0.0,0.0,0.0
268113009,123,0,0.0,0.0,0.0,0.0,0.0,0.0,0.0,0.0
267056006/02,0,69,0.0,0.0,0.0,0.0,0.0,0.0,0.0,0.0
268113011,88,1,0.0,0.0,0.0,0.0,0.0,0.0,0.0,0.0
268113016,31,41,0.47712954545454545,0.002124269782262347,1.1538906663286186,1.9036691328225261,5.856921623034547,2884.7266658215462,4759.172832056315,14642.304057586369
267056007/02,0,76,0.0,0.0,0.0,0.0,0.0,0.0,0.0,0.0
268112012,95,11,0.862083030646992,0.6288365453247681,735.0502949265309,1395.9101276382319,3959.6249620142066,1837625.7373163272,3489775.31909558,9899062.405035516
268113017/03,9,204,0.2702875,0.018274111675126905,19.053720646078958,25.936422885948236,89.85673765512918,47634.30161519739,64841.05721487059,224641.84413782295
268113017/02,54,84,0.9659888888888888,0.024875621890547265,30.692069031465216,62.080788235782734,176.18157972923208,76730.17257866304,155201.97058945685,440453.9493230802
268113017/01,0,99,0.5065067503924647,0.18566015738851646,109.96586350136519,190.82976542527314,591.6026811420577,274914.65875341295,477074.41356318287,1479006.7028551442
267026004,118,1,0.0,0.0,0.0,0.0,0.0,0.0,0.0,0.0
267026007,89,30,0.0,0.0,0.0,0.0,0.0,0.0,0.0,0.0
267026006/267019011,39,72,0.0,0.0,0.0,0.0,0.0,0.0,0.0,0.0
267026002,98,20,0.0,0.0,0.0,0.0,0.0,0.0,0.0,0.0
267026005,77,30,0.0,0.0,0.0,0.0,0.0,0.0,0.0,0.0
267026008,92,33,0.9842940394314534,0.291889721627409,388.90549373342964,775.9802996764566,2179.8541398440993,972263.7343335741,1939950.7491911417,5449635.349610249
267026010,32,45,0.0,0.0,0.0,0.0,0.0,0.0,0.0,0.0
267026009,0,74,0.0,0.0,0.0,0.0,0.0,0.0,0.0,0.0
267058002,102,1,0.0,0.0,0.0,0.0,0.0,0.0,0.0,0.0
267019012,104,0,0.7174025862068965,0.05435801312089972,62.007831999016496,111.06934732273177,320.4925508626447,155019.57999754124,277673.3683068294,801231.3771566118
267019013,116,1,1.8182431287343834,0.32927919871221606,492.50470741891036,1192.8408917695624,3029.202903975127,1231261.7685472758,2982102.229423906,7573007.259937817
267019014,46,32,0.0,0.0,0.0,0.0,0.0,0.0,0.0,0.0
267021011,123,5,0.0,0.0,0.0,0.0,0.0,0.0,0.0,0.0
267021007,91,36,0.0,0.0,0.0,0.0,0.0,0.0,0.0,0.0
267021010,108,12,0.0,0.0,0.0,0.0,0.0,0.0,0.0,0.0
267021009,45,53,0.0,0.0,0.0,0.0,0.0,0.0,0.0,0.0
267128008,120,23,0.0,0.0,0.0,0.0,0.0,0.0,0.0,0.0
268129013,5,73,0.0,0.0,0.0,0.0,0.0,0.0,0.0,0.0
268130011,32,63,0.0,0.0,0.0,0.0,0.0,0.0,0.0,0.0
268130010,97,22,0.0,0.0,0.0,0.0,0.0,0.0,0.0,0.0
268129012,4,95,0.0,0.0,0.0,0.0,0.0,0.0,0.0,0.0
268129010,16,59,0.0,0.0,0.0,0.0,0.0,0.0,0.0,0.0
268129007,13,71,0.0,0.0,0.0,0.0,0.0,0.0,0.0,0.0
268129008,0,79,0.0,0.0,0.0,0.0,0.0,0.0,0.0,0.0
268129009,0,85,0.0,0.0,0.0,0.0,0.0,0.0,0.0,0.0
268134005,63,4,0.0,0.0,0.0,0.0,0.0,0.0,0.0,0.0
268129005,39,38,0.0,0.0,0.0,0.0,0.0,0.0,0.0,0.0
268129004,58,27,0.0,0.0,0.0,0.0,0.0,0.0,0.0,0.0
268129006,117,1,0.0,0.0,0.0,0.0,0.0,0.0,0.0,0.0
268129018,47,48,0.0,0.0,0.0,0.0,0.0,0.0,0.0,0.0
268130009,91,0,0.0,0.0,0.0,0.0,0.0,0.0,0.0,0.0
268130006,83,29,0.0,0.0,0.0,0.0,0.0,0.0,0.0,0.0
268130005,64,36,0.0,0.0,0.0,0.0,0.0,0.0,0.0,0.0
268130004,85,0,0.0,0.0,0.0,0.0,0.0,0.0,0.0,0.0
268130002,112,0,0.0,0.0,0.0,0.0,0.0,0.0,0.0,0.0
268129003,111,2,0.0,0.0,0.0,0.0,0.0,0.0,0.0,0.0
268129014,127,1,0.0,0.0,0.0,0.0,0.0,0.0,0.0,0.0
268130001,119,0,0.0,0.0,0.0,0.0,0.0,0.0,0.0,0.0
268130008,39,30,0.0,0.0,0.0,0.0,0.0,0.0,0.0,0.0
268130007,56,25,0.0,0.0,0.0,0.0,0.0,0.0,0.0,0.0
268131001,120,8,0.0,0.0,0.0,0.0,0.0,0.0,0.0,0.0
268130003,55,39,0.0,0.0,0.0,0.0,0.0,0.0,0.0,0.0
268129015,11,92,0.0,0.0,0.0,0.0,0.0,0.0,0.0,0.0
268134013,58,42,0.0,0.0,0.0,0.0,0.0,0.0,0.0,0.0
268131010,98,5,0.0,0.0,0.0,0.0,0.0,0.0,0.0,0.0
268131009,78,20,0.0,0.0,0.0,0.0,0.0,0.0,0.0,0.0
268129022,35,23,0.0,0.0,0.0,0.0,0.0,0.0,0.0,0.0
267055006,5,82,0.0,0.0,0.0,0.0,0.0,0.0,0.0,0.0
268136013,76,62,0.0,0.0,0.0,0.0,0.0,0.0,0.0,0.0
268134010,55,9,0.0,0.0,0.0,0.0,0.0,0.0,0.0,0.0
268136006,77,35,0.0,0.0,0.0,0.0,0.0,0.0,0.0,0.0
268134002,76,8,0.0,0.0,0.0,0.0,0.0,0.0,0.0,0.0
268136017,42,27,0.0,0.0,0.0,0.0,0.0,0.0,0.0,0.0
268136016,36,30,0.0,0.0,0.0,0.0,0.0,0.0,0.0,0.0
268134003,38,82,0.0,0.0,0.0,0.0,0.0,0.0,0.0,0.0
268136004,54,25,0.0,0.0,0.0,0.0,0.0,0.0,0.0,0.0
268134004,114,1,0.0,0.0,0.0,0.0,0.0,0.0,0.0,0.0
268137007,58,47,0.0,0.0,0.0,0.0,0.0,0.0,0.0,0.0
268137004,30,32,0.0,0.0,0.0,0.0,0.0,0.0,0.0,0.0
268137005,22,70,0.0,0.0,0.0,0.0,0.0,0.0,0.0,0.0
268134008,7,58,0.0,0.0,0.0,0.0,0.0,0.0,0.0,0.0
268137003,22,42,0.0,0.0,0.0,0.0,0.0,0.0,0.0,0.0
268134007,21,60,0.0,0.0,0.0,0.0,0.0,0.0,0.0,0.0
268134006,8,65,0.0,0.0,0.0,0.0,0.0,0.0,0.0,0.0
268137010,36,48,0.0,0.0,0.0,0.0,0.0,0.0,0.0,0.0
268134001,42,93,0.0,0.0,0.0,0.0,0.0,0.0,0.0,0.0
268134011,42,56,0.0,0.0,0.0,0.0,0.0,0.0,0.0,0.0
268134012,28,30,0.0,0.0,0.0,0.0,0.0,0.0,0.0,0.0
268137013,8,66,0.0,0.0,0.0,0.0,0.0,0.0,0.0,0.0
268135012,34,81,0.0,0.0,0.0,0.0,0.0,0.0,0.0,0.0
268135016,17,58,0.0,0.0,0.0,0.0,0.0,0.0,0.0,0.0
268135010,69,20,0.0,0.0,0.0,0.0,0.0,0.0,0.0,0.0
268135008,52,40,0.0,0.0,0.0,0.0,0.0,0.0,0.0,0.0
268135011,25,94,0.0,0.0,0.0,0.0,0.0,0.0,0.0,0.0
268135014,41,49,0.0,0.0,0.0,0.0,0.0,0.0,0.0,0.0
268135015,19,52,0.0,0.0,0.0,0.0,0.0,0.0,0.0,0.0
268135017,0,64,0.0,0.0,0.0,0.0,0.0,0.0,0.0,0.0
268113014,30,38,0.6300510563380282,0.4544,253.3265963021621,449.8317712594835,1335.330036855918,633316.4907554053,1124579.4281487088,3338325.092139795
268113010,63,1,0.0,0.0,0.0,0.0,0.0,0.0,0.0,0.0
268113015,10,65,1.123652338530067,0.41042047531992687,246.2224725903471,525.4773413806572,1464.6034956170251,615556.1814758678,1313693.353451643,3661508.739042563
268129020,58,8,0.0,0.0,0.0,0.0,0.0,0.0,0.0,0.0
268129002,77,1,0.0,0.0,0.0,0.0,0.0,0.0,0.0,0.0
268129025,63,31,0.0,0.0,0.0,0.0,0.0,0.0,0.0,0.0
268113012,39,34,1.1575355191256833,0.9416809605488851,696.0018702481799,1446.907775206081,3958.2786005753223,1740004.6756204497,3617269.4380152025,9895696.501438307
268113013,7,70,0.528861975308642,0.9080717488789237,448.52186637569514,780.5176956576204,2396.9369274011556,1121304.665939238,1951294.239144051,5992342.318502889
268116005,66,15,0.0,0.0,0.0,0.0,0.0,0.0,0.0,0.0
268114003,61,47,0.0,0.0,0.0,0.0,0.0,0.0,0.0,0.0
268129021,70,39,0.0,0.0,0.0,0.0,0.0,0.0,0.0,0.0
268114002,32,61,0.0,0.0,0.0,0.0,0.0,0.0,0.0,0.0
268112009,72,0,1.8355401579244217,0.9331578947368421,861.954230767818,2096.420833243139,5316.253458733358,2154885.576919545,5241052.083107848,13290633.646833394
268129027,46,13,0.0,0.0,0.0,0.0,0.0,0.0,0.0,0.0
268114001,46,17,0.3424,0.00016118633139909736,0.07812182932123374,0.1121446062197533,0.3611770458221204,195.30457330308434,280.3615155493833,902.942614555301
268112001,97,0,2.0942387341772153,0.7208029197080292,896.9843090587976,2317.897147975537,5802.893659983435,2242460.772646994,5794742.869938842,14507234.149958588
268114014,108,0,1.087602186825054,0.8505166475315729,1128.660005151147,2266.7679934205,6218.793113258302,2821650.0128778676,5666919.98355125,15546982.783145754
267024002,98,0,0.0,0.0,0.0,0.0,0.0,0.0,0.0,0.0
267071005,107,19,0.0,0.0,0.0,0.0,0.0,0.0,0.0,0.0
267071001,94,5,0.0,0.0,0.0,0.0,0.0,0.0,0.0,0.0
267023002,121,1,0.0,0.0,0.0,0.0,0.0,0.0,0.0,0.0
267020007,89,10,0.0,0.0,0.0,0.0,0.0,0.0,0.0,0.0
267017005,140,0,0.0,0.0,0.0,0.0,0.0,0.0,0.0,0.0
267023006,114,17,0.0,0.0,0.0,0.0,0.0,0.0,0.0,0.0
267024004,47,62,0.0,0.0,0.0,0.0,0.0,0.0,0.0,0.0
267020003/267025001,88,6,0.0,0.0,0.0,0.0,0.0,0.0,0.0,0.0
267020002,99,4,0.0,0.0,0.0,0.0,0.0,0.0,0.0,0.0
267017007,88,0,0.0,0.0,0.0,0.0,0.0,0.0,0.0,0.0
267024001,101,0,0.0,0.0,0.0,0.0,0.0,0.0,0.0,0.0
267023001,118,2,0.0,0.0,0.0,0.0,0.0,0.0,0.0,0.0
267017006,104,0,0.0,0.0,0.0,0.0,0.0,0.0,0.0,0.0
267075004,50,10,0.0,0.0,0.0,0.0,0.0,0.0,0.0,0.0
267017008,125,0,0.0,0.0,0.0,0.0,0.0,0.0,0.0,0.0
267024003,127,5,0.0,0.0,0.0,0.0,0.0,0.0,0.0,0.0
267020001,79,0,0.0,0.0,0.0,0.0,0.0,0.0,0.0,0.0
267019009,121,0,0.0,0.0,0.0,0.0,0.0,0.0,0.0,0.0
267056007/01,0,122,0.0,0.0,0.0,0.0,0.0,0.0,0.0,0.0
267019004,0,112,0.0,0.0,0.0,0.0,0.0,0.0,0.0,0.0
267019006,0,102,0.0,0.0,0.0,0.0,0.0,0.0,0.0,0.0
267056006/01,0,71,0.0,0.0,0.0,0.0,0.0,0.0,0.0,0.0
267019011,84,0,0.0,0.0,0.0,0.0,0.0,0.0,0.0,0.0
267019010,84,0,0.0,0.0,0.0,0.0,0.0,0.0,0.0,0.0
267022007,74,34,0.0,0.0,0.0,0.0,0.0,0.0,0.0,0.0
267019005,0,100,0.0,0.0,0.0,0.0,0.0,0.0,0.0,0.0
267022002,39,30,0.0,0.0,0.0,0.0,0.0,0.0,0.0,0.0
267022006,131,1,0.0,0.0,0.0,0.0,0.0,0.0,0.0,0.0
267022005,110,0,0.0,0.0,0.0,0.0,0.0,0.0,0.0,0.0
267019003,0,86,0.0,0.0,0.0,0.0,0.0,0.0,0.0,0.0
267019002,132,2,0.0,0.0,0.0,0.0,0.0,0.0,0.0,0.0
267022004,89,1,0.0,0.0,0.0,0.0,0.0,0.0,0.0,0.0
267022001,31,79,0.0,0.0,0.0,0.0,0.0,0.0,0.0,0.0
267019001,80,0,0.0,0.0,0.0,0.0,0.0,0.0,0.0,0.0
267022003,77,2,0.0,0.0,0.0,0.0,0.0,0.0,0.0,0.0
267127005,89,2,0.0,0.0,0.0,0.0,0.0,0.0,0.0,0.0
267079008,105,0,0.0,0.0,0.0,0.0,0.0,0.0,0.0,0.0
267125014,127,2,0.0,0.0,0.0,0.0,0.0,0.0,0.0,0.0
267125011,94,1,0.0,0.0,0.0,0.0,0.0,0.0,0.0,0.0
267081006/02,42,59,0.0,0.0,0.0,0.0,0.0,0.0,0.0,0.0
267044011,95,0,0.0,0.0,0.0,0.0,0.0,0.0,0.0,0.0
267042005,81,6,0.0,0.0,0.0,0.0,0.0,0.0,0.0,0.0
267081002,103,10,0.0,0.0,0.0,0.0,0.0,0.0,0.0,0.0
267081006/04,0,77,0.0,0.0,0.0,0.0,0.0,0.0,0.0,0.0
267046006,110,3,0.0,0.0,0.0,0.0,0.0,0.0,0.0,0.0
267046001/267057001,92,0,0.0,0.0,0.0,0.0,0.0,0.0,0.0,0.0
267042006,43,41,0.0,0.0,0.0,0.0,0.0,0.0,0.0,0.0
267046003,88,7,0.0,0.0,0.0,0.0,0.0,0.0,0.0,0.0
267045003,105,2,0.0,0.0,0.0,0.0,0.0,0.0,0.0,0.0
267043005,94,1,0.0,0.0,0.0,0.0,0.0,0.0,0.0,0.0
267045004,112,0,0.0,0.0,0.0,0.0,0.0,0.0,0.0,0.0
267046002,74,0,0.0,0.0,0.0,0.0,0.0,0.0,0.0,0.0
267046004/267057001,59,39,0.0,0.0,0.0,0.0,0.0,0.0,0.0,0.0
267059004,67,48,0.0,0.0,0.0,0.0,0.0,0.0,0.0,0.0
267046005,80,0,0.0,0.0,0.0,0.0,0.0,0.0,0.0,0.0
267045006,50,21,0.0,0.0,0.0,0.0,0.0,0.0,0.0,0.0
267045005,120,0,0.0,0.0,0.0,0.0,0.0,0.0,0.0,0.0
267057005,66,35,0.0,0.0,0.0,0.0,0.0,0.0,0.0,0.0
267057004,35,58,0.0,0.0,0.0,0.0,0.0,0.0,0.0,0.0
267057001,106,0,0.0,0.0,0.0,0.0,0.0,0.0,0.0,0.0
267057007,114,1,0.0,0.0,0.0,0.0,0.0,0.0,0.0,0.0
267045007,82,1,0.0,0.0,0.0,0.0,0.0,0.0,0.0,0.0
267057003,84,0,0.0,0.0,0.0,0.0,0.0,0.0,0.0,0.0
267057006,105,19,0.0,0.0,0.0,0.0,0.0,0.0,0.0,0.0
267057002,70,35,0.0,0.0,0.0,0.0,0.0,0.0,0.0,0.0
268130013,74,5,0.0,0.0,0.0,0.0,0.0,0.0,0.0,0.0
268130012,19,93,0.0,0.0,0.0,0.0,0.0,0.0,0.0,0.0
268129011,6,96,0.0,0.0,0.0,0.0,0.0,0.0,0.0,0.0
268130014,67,4,0.0,0.0,0.0,0.0,0.0,0.0,0.0,0.0
268018016,130,10,0.0,0.0,0.0,0.0,0.0,0.0,0.0,0.0
268019002,78,1,0.0,0.0,0.0,0.0,0.0,0.0,0.0,0.0
268020001,84,0,0.0,0.0,0.0,0.0,0.0,0.0,0.0,0.0
268019003,108,0,0.0,0.0,0.0,0.0,0.0,0.0,0.0,0.0
268020002,98,0,0.0,0.0,0.0,0.0,0.0,0.0,0.0,0.0
268018014/268018017,130,3,0.0,0.0,0.0,0.0,0.0,0.0,0.0,0.0
268019004,80,0,0.0,0.0,0.0,0.0,0.0,0.0,0.0,0.0
268020004,94,0,0.0,0.0,0.0,0.0,0.0,0.0,0.0,0.0
268019005,118,0,0.0,0.0,0.0,0.0,0.0,0.0,0.0,0.0
268018010/268018011,115,0,0.0,0.0,0.0,0.0,0.0,0.0,0.0,0.0
268018003/268018004/268018009,83,13,0.0,0.0,0.0,0.0,0.0,0.0,0.0,0.0
268019006,126,0,0.0,0.0,0.0,0.0,0.0,0.0,0.0,0.0
268020005,116,0,0.0,0.0,0.0,0.0,0.0,0.0,0.0,0.0
268020007,125,0,0.0,0.0,0.0,0.0,0.0,0.0,0.0,0.0
268020008,92,0,0.0,0.0,0.0,0.0,0.0,0.0,0.0,0.0
268018012/268018015,16,139,0.0,0.0,0.0,0.0,0.0,0.0,0.0,0.0
268018005,70,92,0.0,0.0,0.0,0.0,0.0,0.0,0.0,0.0
268120002,110,0,0.0,0.0,0.0,0.0,0.0,0.0,0.0,0.0
268119002,107,0,0.0,0.0,0.0,0.0,0.0,0.0,0.0,0.0
268119001,98,0,0.0,0.0,0.0,0.0,0.0,0.0,0.0,0.0
268119005,77,0,0.0,0.0,0.0,0.0,0.0,0.0,0.0,0.0
268008017/03,0,143,0.0,0.0,0.0,0.0,0.0,0.0,0.0,0.0
268119003,82,0,0.0,0.0,0.0,0.0,0.0,0.0,0.0,0.0
268120005,109,0,0.0,0.0,0.0,0.0,0.0,0.0,0.0,0.0
268008017/02,0,131,0.0,0.0,0.0,0.0,0.0,0.0,0.0,0.0
268119010,82,0,0.0,0.0,0.0,0.0,0.0,0.0,0.0,0.0
268119009,81,5,0.0,0.0,0.0,0.0,0.0,0.0,0.0,0.0
268119008,113,0,0.0,0.0,0.0,0.0,0.0,0.0,0.0,0.0
268119006,93,0,0.0,0.0,0.0,0.0,0.0,0.0,0.0,0.0
268119007,83,0,0.0,0.0,0.0,0.0,0.0,0.0,0.0,0.0
268122003,131,0,0.0,0.0,0.0,0.0,0.0,0.0,0.0,0.0
268122007,117,24,0.0,0.0,0.0,0.0,0.0,0.0,0.0,0.0
268119011,0,78,0.0,0.0,0.0,0.0,0.0,0.0,0.0,0.0
268119012,0,104,0.0,0.0,0.0,0.0,0.0,0.0,0.0,0.0
268122004,108,0,0.0,0.0,0.0,0.0,0.0,0.0,0.0,0.0
268122002,107,0,0.0,0.0,0.0,0.0,0.0,0.0,0.0,0.0
268122005,98,0,0.0,0.0,0.0,0.0,0.0,0.0,0.0,0.0
268122001,80,0,0.0,0.0,0.0,0.0,0.0,0.0,0.0,0.0
268122006,137,0,0.0,0.0,0.0,0.0,0.0,0.0,0.0,0.0
268106007,0,89,0.2596607142857143,0.024691358024691357,10.331445909523811,13.890723154179895,48.64175766056437,25828.614773809528,34726.807885449736,121604.39415141093
268106013,0,62,0.0,0.0,0.0,0.0,0.0,0.0,0.0,0.0
268106006,0,108,0.27209361702127666,0.1857707509881423,95.63646584916997,130.97027577827672,454.3770274104665,239091.1646229249,327425.68944569177,1135942.5685261663
268106015,5,92,0.24586666666666668,0.002838221381267739,1.30377851018743,1.7205855809580635,6.111906205997736,3259.446275468575,4301.463952395158,15279.765514994338
268139001/268139013,34,172,0.0,0.0,0.0,0.0,0.0,0.0,0.0,0.0
268081006,30,62,0.0,0.0,0.0,0.0,0.0,0.0,0.0,0.0
268029001,77,36,0.0,0.0,0.0,0.0,0.0,0.0,0.0,0.0
268029005,93,3,0.0,0.0,0.0,0.0,0.0,0.0,0.0,0.0
268058018,117,0,0.0,0.0,0.0,0.0,0.0,0.0,0.0,0.0
268027007,44,31,0.0,0.0,0.0,0.0,0.0,0.0,0.0,0.0
268070017,10,80,0.0,0.0,0.0,0.0,0.0,0.0,0.0,0.0
268027012,92,33,0.0,0.0,0.0,0.0,0.0,0.0,0.0,0.0
268070001,82,0,0.0,0.0,0.0,0.0,0.0,0.0,0.0,0.0
268070018,60,58,0.0,0.0,0.0,0.0,0.0,0.0,0.0,0.0
268027013,20,59,0.0,0.0,0.0,0.0,0.0,0.0,0.0,0.0
268160005,75,8,0.0,0.0,0.0,0.0,0.0,0.0,0.0,0.0
268027008,69,49,0.0,0.0,0.0,0.0,0.0,0.0,0.0,0.0
268070002,130,37,0.0,0.0,0.0,0.0,0.0,0.0,0.0,0.0
268160003,0,103,0.0,0.0,0.0,0.0,0.0,0.0,0.0,0.0
268160002/01,75,0,0.0,0.0,0.0,0.0,0.0,0.0,0.0,0.0
268157004,111,0,0.0,0.0,0.0,0.0,0.0,0.0,0.0,0.0
268070015,100,7,0.0,0.0,0.0,0.0,0.0,0.0,0.0,0.0
268070003,105,0,0.0,0.0,0.0,0.0,0.0,0.0,0.0,0.0
268160002/02,41,21,0.0,0.0,0.0,0.0,0.0,0.0,0.0,0.0
268160004,0,122,0.0,0.0,0.0,0.0,0.0,0.0,0.0,0.0
268157005,62,2,0.0,0.0,0.0,0.0,0.0,0.0,0.0,0.0
268070006,92,0,0.0,0.0,0.0,0.0,0.0,0.0,0.0,0.0
268157001,89,0,0.0,0.0,0.0,0.0,0.0,0.0,0.0,0.0
268070004,86,0,0.0,0.0,0.0,0.0,0.0,0.0,0.0,0.0
268160001,95,15,0.0,0.0,0.0,0.0,0.0,0.0,0.0,0.0
268157002,118,15,0.0,0.0,0.0,0.0,0.0,0.0,0.0,0.0
268157003,122,10,0.0,0.0,0.0,0.0,0.0,0.0,0.0,0.0
268011012,56,11,0.0,0.0,0.0,0.0,0.0,0.0,0.0,0.0
268011001,106,1,0.0,0.0,0.0,0.0,0.0,0.0,0.0,0.0
268157012,71,1,0.0,0.0,0.0,0.0,0.0,0.0,0.0,0.0
268157007,101,0,0.0,0.0,0.0,0.0,0.0,0.0,0.0,0.0
268160006,99,9,0.0,0.0,0.0,0.0,0.0,0.0,0.0,0.0
268011010,65,47,0.0,0.0,0.0,0.0,0.0,0.0,0.0,0.0
268157009/268157009/02/268157009/01,0,0,0.0,0.0,0.0,0.0,0.0,0.0,0.0,0.0
268157006,78,0,0.0,0.0,0.0,0.0,0.0,0.0,0.0,0.0
268160008,86,0,0.0,0.0,0.0,0.0,0.0,0.0,0.0,0.0
268160007,96,0,0.0,0.0,0.0,0.0,0.0,0.0,0.0,0.0
268160011,51,42,0.0,0.0,0.0,0.0,0.0,0.0,0.0,0.0
268060005,100,9,0.0,0.0,0.0,0.0,0.0,0.0,0.0,0.0
268060013,87,1,0.0,0.0,0.0,0.0,0.0,0.0,0.0,0.0
268060014,70,9,0.0,0.0,0.0,0.0,0.0,0.0,0.0,0.0
268060006,97,0,0.0,0.0,0.0,0.0,0.0,0.0,0.0,0.0
268158011,65,1,0.0,0.0,0.0,0.0,0.0,0.0,0.0,0.0
268158012,95,0,0.0,0.0,0.0,0.0,0.0,0.0,0.0,0.0
268158010,100,0,0.0,0.0,0.0,0.0,0.0,0.0,0.0,0.0
267160004,84,0,0.0,0.0,0.0,0.0,0.0,0.0,0.0,0.0
267001010/02,4,144,0.0,0.0,0.0,0.0,0.0,0.0,0.0,0.0
267160006,74,10,0.0,0.0,0.0,0.0,0.0,0.0,0.0,0.0
267160005,106,0,0.0,0.0,0.0,0.0,0.0,0.0,0.0,0.0
267001009,0,104,0.0,0.0,0.0,0.0,0.0,0.0,0.0,0.0
267001011,0,103,0.0,0.0,0.0,0.0,0.0,0.0,0.0,0.0
267160003,100,0,0.0,0.0,0.0,0.0,0.0,0.0,0.0,0.0
267001009/02,42,61,0.0,0.0,0.0,0.0,0.0,0.0,0.0,0.0
267001008,0,87,0.0,0.0,0.0,0.0,0.0,0.0,0.0,0.0
267001010/01,0,131,0.0,0.0,0.0,0.0,0.0,0.0,0.0,0.0
267001009/01,102,30,0.0,0.0,0.0,0.0,0.0,0.0,0.0,0.0
267001010/03,0,195,0.0,0.0,0.0,0.0,0.0,0.0,0.0,0.0
267001001,0,76,0.0,0.0,0.0,0.0,0.0,0.0,0.0,0.0
267001002,0,105,0.0,0.0,0.0,0.0,0.0,0.0,0.0,0.0
267001006,0,115,0.0,0.0,0.0,0.0,0.0,0.0,0.0,0.0
267001009/03,14,183,0.0,0.0,0.0,0.0,0.0,0.0,0.0,0.0
267001004,0,113,0.0,0.0,0.0,0.0,0.0,0.0,0.0,0.0
267001005,0,133,0.0,0.0,0.0,0.0,0.0,0.0,0.0,0.0
267001003,0,122,0.0,0.0,0.0,0.0,0.0,0.0,0.0,0.0
267001007,0,75,0.0,0.0,0.0,0.0,0.0,0.0,0.0,0.0
267005001/02,88,4,0.0,0.0,0.0,0.0,0.0,0.0,0.0,0.0
267005001/03,80,38,0.0,0.0,0.0,0.0,0.0,0.0,0.0,0.0
267099021,165,0,0.5339563535911601,0.0015492065665816458,2.5923357011214,4.312082260374901,12.888152561074367,6480.8392528035,10780.205650937254,32220.381402685918
267099015/01,24,25,0.0,0.0,0.0,0.0,0.0,0.0,0.0,0.0
267099031,149,0,0.0,0.0,0.0,0.0,0.0,0.0,0.0,0.0
267105017/01,96,0,0.0,0.0,0.0,0.0,0.0,0.0,0.0,0.0
267099011/02,165,4,0.0,0.0,0.0,0.0,0.0,0.0,0.0,0.0
267105012/02,83,0,0.0,0.0,0.0,0.0,0.0,0.0,0.0,0.0
267099020,136,49,0.0,0.0,0.0,0.0,0.0,0.0,0.0,0.0
267099013,99,0,0.0,0.0,0.0,0.0,0.0,0.0,0.0,0.0
267099018,75,0,0.0,0.0,0.0,0.0,0.0,0.0,0.0,0.0
267099019,73,23,0.0,0.0,0.0,0.0,0.0,0.0,0.0,0.0
267099008,114,0,0.0,0.0,0.0,0.0,0.0,0.0,0.0,0.0
267105021,77,0,0.0,0.0,0.0,0.0,0.0,0.0,0.0,0.0
267105022,76,0,0.0,0.0,0.0,0.0,0.0,0.0,0.0,0.0
268137011,29,38,0.0,0.0,0.0,0.0,0.0,0.0,0.0,0.0
268137015,44,37,0.0,0.0,0.0,0.0,0.0,0.0,0.0,0.0
268137012,40,36,0.0,0.0,0.0,0.0,0.0,0.0,0.0,0.0
268133002,63,36,0.0,0.0,0.0,0.0,0.0,0.0,0.0,0.0
268133014,61,34,0.0,0.0,0.0,0.0,0.0,0.0,0.0,0.0
268132024,15,36,0.0,0.0,0.0,0.0,0.0,0.0,0.0,0.0
268137014,13,70,0.0,0.0,0.0,0.0,0.0,0.0,0.0,0.0
268132021,10,115,0.0,0.0,0.0,0.0,0.0,0.0,0.0,0.0
268133013,17,66,0.0,0.0,0.0,0.0,0.0,0.0,0.0,0.0
268132027,16,52,0.0,0.0,0.0,0.0,0.0,0.0,0.0,0.0
268132026,6,93,0.0,0.0,0.0,0.0,0.0,0.0,0.0,0.0
268132025,68,19,0.0,0.0,0.0,0.0,0.0,0.0,0.0,0.0
268132019,0,57,0.0,0.0,0.0,0.0,0.0,0.0,0.0,0.0
268132012,8,81,0.0,0.0,0.0,0.0,0.0,0.0,0.0,0.0
268133007,45,36,0.0,0.0,0.0,0.0,0.0,0.0,0.0,0.0
268133008,0,79,0.0,0.0,0.0,0.0,0.0,0.0,0.0,0.0
268133001,0,102,0.0,0.0,0.0,0.0,0.0,0.0,0.0,0.0
268132011,0,119,0.0,0.0,0.0,0.0,0.0,0.0,0.0,0.0
268133012,48,90,0.0,0.0,0.0,0.0,0.0,0.0,0.0,0.0
268132010,9,163,0.0,0.0,0.0,0.0,0.0,0.0,0.0,0.0
268133016,51,72,0.0,0.0,0.0,0.0,0.0,0.0,0.0,0.0
268133003,27,120,0.0,0.0,0.0,0.0,0.0,0.0,0.0,0.0
268133015,62,20,0.0,0.0,0.0,0.0,0.0,0.0,0.0,0.0
268133005,69,36,0.0,0.0,0.0,0.0,0.0,0.0,0.0,0.0
268133011,7,72,0.0,0.0,0.0,0.0,0.0,0.0,0.0,0.0
268133010,59,50,0.0,0.0,0.0,0.0,0.0,0.0,0.0,0.0
268133018,66,1,0.0,0.0,0.0,0.0,0.0,0.0,0.0,0.0
268132017,16,79,0.0,0.0,0.0,0.0,0.0,0.0,0.0,0.0
268133009,14,89,0.0,0.0,0.0,0.0,0.0,0.0,0.0,0.0
268133004,92,14,0.0,0.0,0.0,0.0,0.0,0.0,0.0,0.0
268132018,4,84,0.0,0.0,0.0,0.0,0.0,0.0,0.0,0.0
268133017,16,59,0.0,0.0,0.0,0.0,0.0,0.0,0.0,0.0
268132016,3,96,0.0,0.0,0.0,0.0,0.0,0.0,0.0,0.0
268132014,11,121,0.0,0.0,0.0,0.0,0.0,0.0,0.0,0.0
268105006,28,70,0.0,0.0,0.0,0.0,0.0,0.0,0.0,0.0
268010014,54,78,0.0,0.0,0.0,0.0,0.0,0.0,0.0,0.0
268105014,0,102,0.0,0.0,0.0,0.0,0.0,0.0,0.0,0.0
268138005,0,172,0.0,0.0,0.0,0.0,0.0,0.0,0.0,0.0
268105003,1,142,0.0,0.0,0.0,0.0,0.0,0.0,0.0,0.0
268138009/01,1,106,0.0,0.0,0.0,0.0,0.0,0.0,0.0,0.0
268010015,22,127,0.0,0.0,0.0,0.0,0.0,0.0,0.0,0.0
268105002,2,99,0.0,0.0,0.0,0.0,0.0,0.0,0.0,0.0
268010007,6,69,0.0,0.0,0.0,0.0,0.0,0.0,0.0,0.0
268105016/01,2,90,0.0,0.0,0.0,0.0,0.0,0.0,0.0,0.0
268010010,17,98,0.0,0.0,0.0,0.0,0.0,0.0,0.0,0.0
268105016/02,0,60,0.0,0.0,0.0,0.0,0.0,0.0,0.0,0.0
268105015,4,81,0.0,0.0,0.0,0.0,0.0,0.0,0.0,0.0
268010005,17,138,0.0,0.0,0.0,0.0,0.0,0.0,0.0,0.0
268010009,0,121,0.0,0.0,0.0,0.0,0.0,0.0,0.0,0.0
268010001,28,58,0.0,0.0,0.0,0.0,0.0,0.0,0.0,0.0
268010008,32,60,0.0,0.0,0.0,0.0,0.0,0.0,0.0,0.0
268010006,69,55,0.0,0.0,0.0,0.0,0.0,0.0,0.0,0.0
268010004,51,83,0.0,0.0,0.0,0.0,0.0,0.0,0.0,0.0
268010012,57,19,0.0,0.0,0.0,0.0,0.0,0.0,0.0,0.0
268010013,77,8,0.0,0.0,0.0,0.0,0.0,0.0,0.0,0.0
268080010,50,7,0.0,0.0,0.0,0.0,0.0,0.0,0.0,0.0
268080016,30,0,0.0,0.0,0.0,0.0,0.0,0.0,0.0,0.0
268080007,38,38,0.0,0.0,0.0,0.0,0.0,0.0,0.0,0.0
268080006,40,40,0.0,0.0,0.0,0.0,0.0,0.0,0.0,0.0
268080008,40,12,0.0,0.0,0.0,0.0,0.0,0.0,0.0,0.0
268080001,0,100,0.0,0.0,0.0,0.0,0.0,0.0,0.0,0.0
268080009,40,30,0.0,0.0,0.0,0.0,0.0,0.0,0.0,0.0
268080015,14,67,0.0,0.0,0.0,0.0,0.0,0.0,0.0,0.0
268080005,55,0,0.0,0.0,0.0,0.0,0.0,0.0,0.0,0.0
268080004,49,0,0.0,0.0,0.0,0.0,0.0,0.0,0.0,0.0
268080003,48,9,0.0,0.0,0.0,0.0,0.0,0.0,0.0,0.0
268080017,59,1,0.0,0.0,0.0,0.0,0.0,0.0,0.0,0.0
268080014,0,81,0.0,0.0,0.0,0.0,0.0,0.0,0.0,0.0
268080002,51,2,0.0,0.0,0.0,0.0,0.0,0.0,0.0,0.0
268080013,38,0,0.0,0.0,0.0,0.0,0.0,0.0,0.0,0.0
268080012,43,2,0.0,0.0,0.0,0.0,0.0,0.0,0.0,0.0
268009014/268009015,83,17,0.6279109090909091,0.051960321209258385,51.143582029361326,89.10223390373903,262.1153333654023,127858.95507340331,222755.58475934758,655288.3334135058
268142004,46,59,0.0,0.0,0.0,0.0,0.0,0.0,0.0,0.0
268142005,27,59,0.0,0.0,0.0,0.0,0.0,0.0,0.0,0.0
268142008,5,92,0.0,0.0,0.0,0.0,0.0,0.0,0.0,0.0
268142006,69,64,0.0,0.0,0.0,0.0,0.0,0.0,0.0,0.0
268142007,9,65,0.0,0.0,0.0,0.0,0.0,0.0,0.0,0.0
268140005,17,73,0.0,0.0,0.0,0.0,0.0,0.0,0.0,0.0
268141001,4,74,0.0,0.0,0.0,0.0,0.0,0.0,0.0,0.0
268140006,0,82,0.0,0.0,0.0,0.0,0.0,0.0,0.0,0.0
268141007,0,126,0.0,0.0,0.0,0.0,0.0,0.0,0.0,0.0
268141002,12,139,0.0,0.0,0.0,0.0,0.0,0.0,0.0,0.0
268141006,0,86,0.0,0.0,0.0,0.0,0.0,0.0,0.0,0.0
268140009,0,157,0.0,0.0,0.0,0.0,0.0,0.0,0.0,0.0
268141004,0,24,0.0,0.0,0.0,0.0,0.0,0.0,0.0,0.0
268140008,54,51,0.0,0.0,0.0,0.0,0.0,0.0,0.0,0.0
268140004,0,67,0.0,0.0,0.0,0.0,0.0,0.0,0.0,0.0
268140003,0,101,0.0,0.0,0.0,0.0,0.0,0.0,0.0,0.0
268141003,0,88,0.0,0.0,0.0,0.0,0.0,0.0,0.0,0.0
268141005,0,65,0.0,0.0,0.0,0.0,0.0,0.0,0.0,0.0
268140002,0,69,0.0,0.0,0.0,0.0,0.0,0.0,0.0,0.0
268140007,1,58,0.0,0.0,0.0,0.0,0.0,0.0,0.0,0.0
268140001,0,93,0.0,0.0,0.0,0.0,0.0,0.0,0.0,0.0
268140010,0,106,0.0,0.0,0.0,0.0,0.0,0.0,0.0,0.0
268140015,0,103,0.9972148936170213,0.01370262390670554,10.03803089858659,21.214984475666473,60.83148896402333,25095.077246466473,53037.461189166184,152078.7224100583
268140011,0,95,0.0,0.0,0.0,0.0,0.0,0.0,0.0,0.0
268140017,0,143,0.0,0.0,0.0,0.0,0.0,0.0,0.0,0.0
268140013,0,114,0.0,0.0,0.0,0.0,0.0,0.0,0.0,0.0
268140012,0,78,0.0,0.0,0.0,0.0,0.0,0.0,0.0,0.0
268140016,3,104,0.8251977777777779,0.07097791798107256,52.561697282154114,103.77161162785639,302.77292408464183,131404.24320538528,259429.02906964096,756932.3102116046
268140014,2,107,0.692894805194805,0.0616,44.14983218696042,82.76304930157929,246.35483090711656,110374.58046740104,206907.62325394823,615887.0772677914
268106008,0,84,0.5003123711340206,0.12779973649538867,64.04348392145454,110.8082930589091,344.05072518893286,160108.70980363633,277020.73264727276,860126.8129723321
268106011,0,143,0.6081453488372094,0.12721893491124261,113.92552578000002,206.87330109769235,626.6764055961539,284813.81445000006,517183.25274423085,1566691.0139903848
268106012,0,76,0.0,0.0,0.0,0.0,0.0,0.0,0.0,0.0
268028008,113,11,0.0,0.0,0.0,0.0,0.0,0.0,0.0,0.0
268028006,72,13,0.0,0.0,0.0,0.0,0.0,0.0,0.0,0.0
268028005,101,0,0.0,0.0,0.0,0.0,0.0,0.0,0.0,0.0
268060012,68,0,0.0,0.0,0.0,0.0,0.0,0.0,0.0,0.0
268028013,65,54,0.0,0.0,0.0,0.0,0.0,0.0,0.0,0.0
268028014,99,4,0.0,0.0,0.0,0.0,0.0,0.0,0.0,0.0
268028010,0,105,0.0,0.0,0.0,0.0,0.0,0.0,0.0,0.0
268060011,92,0,0.0,0.0,0.0,0.0,0.0,0.0,0.0,0.0
268028002,89,3,0.0,0.0,0.0,0.0,0.0,0.0,0.0,0.0
268028003,73,66,0.0,0.0,0.0,0.0,0.0,0.0,0.0,0.0
268060009,84,0,0.0,0.0,0.0,0.0,0.0,0.0,0.0,0.0
268060010,100,0,0.0,0.0,0.0,0.0,0.0,0.0,0.0,0.0
268028004,64,15,0.0,0.0,0.0,0.0,0.0,0.0,0.0,0.0
268028001,66,32,0.0,0.0,0.0,0.0,0.0,0.0,0.0,0.0
268028012,38,46,0.0,0.0,0.0,0.0,0.0,0.0,0.0,0.0
268060002,54,12,0.0,0.0,0.0,0.0,0.0,0.0,0.0,0.0
268010011,23,69,0.0,0.0,0.0,0.0,0.0,0.0,0.0,0.0
268028011,8,66,0.0,0.0,0.0,0.0,0.0,0.0,0.0,0.0
268010002,98,13,0.0,0.0,0.0,0.0,0.0,0.0,0.0,0.0
268059005,27,77,0.0,0.0,0.0,0.0,0.0,0.0,0.0,0.0
268010003,87,41,0.0,0.0,0.0,0.0,0.0,0.0,0.0,0.0
268059007,15,136,0.5248,0.0018043303929430633,1.753814662015429,3.044193370219617,9.354223756033248,4384.5366550385725,7610.483425549043,23385.55939008312
268058012,52,18,0.0,0.0,0.0,0.0,0.0,0.0,0.0,0.0
268058014,87,16,0.0,0.0,0.0,0.0,0.0,0.0,0.0,0.0
268060004/01,51,13,0.0,0.0,0.0,0.0,0.0,0.0,0.0,0.0
268058001,97,11,0.0,0.0,0.0,0.0,0.0,0.0,0.0,0.0
268058007,61,49,0.0,0.0,0.0,0.0,0.0,0.0,0.0,0.0
268058009,16,83,0.0,0.0,0.0,0.0,0.0,0.0,0.0,0.0
268059006,67,16,0.0,0.0,0.0,0.0,0.0,0.0,0.0,0.0
268058013,15,73,0.0,0.0,0.0,0.0,0.0,0.0,0.0,0.0
268059008,1,72,0.5486307692307693,0.008873720136518772,3.987042147133622,7.046912199593444,21.614791438962325,9967.605367834054,17617.28049898361,54036.97859740581
268060001,95,4,0.0,0.0,0.0,0.0,0.0,0.0,0.0,0.0
268060007,91,0,0.0,0.0,0.0,0.0,0.0,0.0,0.0,0.0
268060003,84,8,0.0,0.0,0.0,0.0,0.0,0.0,0.0,0.0
268060004/02,43,27,0.0,0.0,0.0,0.0,0.0,0.0,0.0,0.0
268060008,86,0,0.0,0.0,0.0,0.0,0.0,0.0,0.0,0.0
268029007,66,53,0.0,0.0,0.0,0.0,0.0,0.0,0.0,0.0
268029004,97,39,0.0,0.0,0.0,0.0,0.0,0.0,0.0,0.0
268029003,86,72,0.0,0.0,0.0,0.0,0.0,0.0,0.0,0.0
268029002,104,30,0.0,0.0,0.0,0.0,0.0,0.0,0.0,0.0
268106005,12,117,0.0,0.0,0.0,0.0,0.0,0.0,0.0,0.0
268106009,0,159,0.0,0.0,0.0,0.0,0.0,0.0,0.0,0.0
268106001,0,108,0.25362727272727276,0.006771314250538628,3.4149382125207763,4.549207935822715,16.00529095286427,8537.34553130194,11373.019839556788,40013.22738216068
268138018,0,96,0.0,0.0,0.0,0.0,0.0,0.0,0.0,0.0
268138019,0,76,0.0,0.0,0.0,0.0,0.0,0.0,0.0,0.0
268106010,0,166,0.8835220588235293,0.030222222222222223,34.62036159434667,70.15214119246222,203.54650851288892,86550.90398586667,175380.35298115556,508866.2712822223
268138011,0,153,0.0,0.0,0.0,0.0,0.0,0.0,0.0,0.0
268138015,1,100,0.0,0.0,0.0,0.0,0.0,0.0,0.0,0.0
268138008,0,80,0.0,0.0,0.0,0.0,0.0,0.0,0.0,0.0
268106014,0,142,0.0,0.0,0.0,0.0,0.0,0.0,0.0,0.0
268138014,5,74,0.0,0.0,0.0,0.0,0.0,0.0,0.0,0.0
268138013,6,69,0.0,0.0,0.0,0.0,0.0,0.0,0.0,0.0
268106016,0,183,0.328408,0.013847858197932054,12.829951943973413,18.916536399766617,63.27443452208863,32074.87985993353,47291.34099941654,158186.08630522157
268138012,0,103,0.0,0.0,0.0,0.0,0.0,0.0,0.0,0.0
268138016,0,108,0.24714999999999998,0.009157509157509158,4.547060268131869,6.024499227692309,21.40591544307693,11367.650670329673,15061.248069230773,53514.788607692324
268138010,0,115,0.0,0.0,0.0,0.0,0.0,0.0,0.0,0.0
268138007,1,129,0.0,0.0,0.0,0.0,0.0,0.0,0.0,0.0
268138009/02,0,87,0.0,0.0,0.0,0.0,0.0,0.0,0.0,0.0
268106017,0,95,0.535075,0.01064773735581189,6.131271451783496,10.783276732812778,33.20070265394853,15328.17862945874,26958.191832031946,83001.75663487133
268138002/02,0,73,0.0,0.0,0.0,0.0,0.0,0.0,0.0,0.0
268138006,0,105,0.0,0.0,0.0,0.0,0.0,0.0,0.0,0.0
268105004,0,101,0.0,0.0,0.0,0.0,0.0,0.0,0.0,0.0
268138001,0,86,0.0,0.0,0.0,0.0,0.0,0.0,0.0,0.0
268138002/01,0,108,0.0,0.0,0.0,0.0,0.0,0.0,0.0,0.0
268138017,0,78,0.0,0.0,0.0,0.0,0.0,0.0,0.0,0.0
268106019,54,86,0.9681699999999999,0.01832620647525962,22.8838020717957,46.339222616050996,131.4999099757606,57209.50517948925,115848.0565401275,328749.7749394015
268138003,0,130,0.0,0.0,0.0,0.0,0.0,0.0,0.0,0.0
268105011,17,128,0.0,0.0,0.0,0.0,0.0,0.0,0.0,0.0
268138004,13,65,0.0,0.0,0.0,0.0,0.0,0.0,0.0,0.0
268105009,0,70,0.0,0.0,0.0,0.0,0.0,0.0,0.0,0.0
268105010,0,127,0.0,0.0,0.0,0.0,0.0,0.0,0.0,0.0
268105005,4,85,0.0,0.0,0.0,0.0,0.0,0.0,0.0,0.0
268106018,0,125,1.0495969879518074,0.6535433070866141,588.1077101062992,1255.8425948503939,3566.6339288858276,1470269.2752657481,3139606.487125985,8916584.822214568
268105012,0,90,0.0,0.0,0.0,0.0,0.0,0.0,0.0,0.0
268105013,46,54,0.0,0.0,0.0,0.0,0.0,0.0,0.0,0.0
268104015,24,217,0.0,0.0,0.0,0.0,0.0,0.0,0.0,0.0
268139009,1,85,0.0,0.0,0.0,0.0,0.0,0.0,0.0,0.0
268139002,0,103,0.0,0.0,0.0,0.0,0.0,0.0,0.0,0.0
268139012,0,153,0.0,0.0,0.0,0.0,0.0,0.0,0.0,0.0
268081015,0,77,0.0,0.0,0.0,0.0,0.0,0.0,0.0,0.0
268139011,0,157,0.0,0.0,0.0,0.0,0.0,0.0,0.0,0.0
268104004/268104005,0,176,0.0,0.0,0.0,0.0,0.0,0.0,0.0,0.0
268104017,0,182,0.23153333333333329,0.013422818791946308,10.521983540402685,13.95849215957047,51.63323234176287,26304.95885100671,34896.23039892618,129083.08085440718
268104006,0,92,0.27576,0.01488095238095238,6.552296777142859,9.020463209142859,31.21206046209524,16380.741942857147,22551.158022857147,78030.1511552381
268132015,15,106,0.0,0.0,0.0,0.0,0.0,0.0,0.0,0.0
268132013,5,79,0.0,0.0,0.0,0.0,0.0,0.0,0.0,0.0
268142001,90,0,0.0,0.0,0.0,0.0,0.0,0.0,0.0,0.0
268142010,50,59,0.0,0.0,0.0,0.0,0.0,0.0,0.0,0.0
268142015,14,83,0.0,0.0,0.0,0.0,0.0,0.0,0.0,0.0
268142002,6,107,0.0,0.0,0.0,0.0,0.0,0.0,0.0,0.0
268142014,45,69,0.0,0.0,0.0,0.0,0.0,0.0,0.0,0.0
268142023,0,80,0.0,0.0,0.0,0.0,0.0,0.0,0.0,0.0
268142003,0,42,0.0,0.0,0.0,0.0,0.0,0.0,0.0,0.0
268142020,34,63,0.0,0.0,0.0,0.0,0.0,0.0,0.0,0.0
268142013,29,54,0.0,0.0,0.0,0.0,0.0,0.0,0.0,0.0
268142016,29,16,0.0,0.0,0.0,0.0,0.0,0.0,0.0,0.0
268142017,4,60,0.0,0.0,0.0,0.0,0.0,0.0,0.0,0.0
268142018,0,74,0.0,0.0,0.0,0.0,0.0,0.0,0.0,0.0
268142022,0,76,0.0,0.0,0.0,0.0,0.0,0.0,0.0,0.0
268142019,2,33,0.0,0.0,0.0,0.0,0.0,0.0,0.0,0.0
268142012,1,13,0.0,0.0,0.0,0.0,0.0,0.0,0.0,0.0
268157008,104,1,0.0,0.0,0.0,0.0,0.0,0.0,0.0,0.0
268157011,0,74,0.0,0.0,0.0,0.0,0.0,0.0,0.0,0.0
268158016/03,0,46,0.0,0.0,0.0,0.0,0.0,0.0,0.0,0.0
268158017,0,13,0.0,0.0,0.0,0.0,0.0,0.0,0.0,0.0
268158006,71,0,0.0,0.0,0.0,0.0,0.0,0.0,0.0,0.0
268158001,98,31,0.0,0.0,0.0,0.0,0.0,0.0,0.0,0.0
268158004,96,0,0.0,0.0,0.0,0.0,0.0,0.0,0.0,0.0
268158003,115,8,0.0,0.0,0.0,0.0,0.0,0.0,0.0,0.0
268017004,88,16,0.0,0.0,0.0,0.0,0.0,0.0,0.0,0.0
268017002/268017019,158,3,0.0,0.0,0.0,0.0,0.0,0.0,0.0,0.0
268017001,102,0,0.0,0.0,0.0,0.0,0.0,0.0,0.0,0.0
268017015/268017016/268017017,0,40,0.0,0.0,0.0,0.0,0.0,0.0,0.0,0.0
268017006,115,8,0.0,0.0,0.0,0.0,0.0,0.0,0.0,0.0
268017012,93,29,0.0,0.0,0.0,0.0,0.0,0.0,0.0,0.0
268017007,73,0,0.0,0.0,0.0,0.0,0.0,0.0,0.0,0.0
268017018,53,48,0.0,0.0,0.0,0.0,0.0,0.0,0.0,0.0
268017010,96,0,0.0,0.0,0.0,0.0,0.0,0.0,0.0,0.0
268017014,110,0,0.0,0.0,0.0,0.0,0.0,0.0,0.0,0.0
268017020,3,143,0.0,0.0,0.0,0.0,0.0,0.0,0.0,0.0
268017009,95,0,0.0,0.0,0.0,0.0,0.0,0.0,0.0,0.0
268017011,86,28,0.0,0.0,0.0,0.0,0.0,0.0,0.0,0.0
268017013,77,29,0.0,0.0,0.0,0.0,0.0,0.0,0.0,0.0
268017008,78,15,0.0,0.0,0.0,0.0,0.0,0.0,0.0,0.0
268017022,113,5,0.0,0.0,0.0,0.0,0.0,0.0,0.0,0.0
268017021,73,64,0.0,0.0,0.0,0.0,0.0,0.0,0.0,0.0
268017023,4,110,0.0,0.0,0.0,0.0,0.0,0.0,0.0,0.0
268160010,89,8,0.0,0.0,0.0,0.0,0.0,0.0,0.0,0.0
268158014,87,0,0.0,0.0,0.0,0.0,0.0,0.0,0.0,0.0
268158013,93,0,0.0,0.0,0.0,0.0,0.0,0.0,0.0,0.0
268158009,85,0,0.0,0.0,0.0,0.0,0.0,0.0,0.0,0.0
268157010,96,0,0.0,0.0,0.0,0.0,0.0,0.0,0.0,0.0
268158005,94,1,0.0,0.0,0.0,0.0,0.0,0.0,0.0,0.0
268158008,108,0,0.0,0.0,0.0,0.0,0.0,0.0,0.0,0.0
268160009,107,3,0.0,0.0,0.0,0.0,0.0,0.0,0.0,0.0
268158015,105,0,0.0,0.0,0.0,0.0,0.0,0.0,0.0,0.0
268021005,93,0,0.0,0.0,0.0,0.0,0.0,0.0,0.0,0.0
268158016/02,0,125,0.0,0.0,0.0,0.0,0.0,0.0,0.0,0.0
268159003,73,0,0.0,0.0,0.0,0.0,0.0,0.0,0.0,0.0
268159001,69,7,0.0,0.0,0.0,0.0,0.0,0.0,0.0,0.0
268159002,94,13,0.0,0.0,0.0,0.0,0.0,0.0,0.0,0.0
268021006,74,0,0.0,0.0,0.0,0.0,0.0,0.0,0.0,0.0
268158007,81,0,0.0,0.0,0.0,0.0,0.0,0.0,0.0,0.0
268021007,67,1,0.0,0.0,0.0,0.0,0.0,0.0,0.0,0.0
268158016/01,53,0,0.0,0.0,0.0,0.0,0.0,0.0,0.0,0.0
268158002,94,1,0.0,0.0,0.0,0.0,0.0,0.0,0.0,0.0
268021010,79,2,0.0,0.0,0.0,0.0,0.0,0.0,0.0,0.0
268159004,105,0,0.0,0.0,0.0,0.0,0.0,0.0,0.0,0.0
268159009,61,167,0.0,0.0,0.0,0.0,0.0,0.0,0.0,0.0
268021012,75,0,0.0,0.0,0.0,0.0,0.0,0.0,0.0,0.0
268017003,77,0,0.0,0.0,0.0,0.0,0.0,0.0,0.0,0.0
268021008,90,0,0.0,0.0,0.0,0.0,0.0,0.0,0.0,0.0
268021011,77,0,0.0,0.0,0.0,0.0,0.0,0.0,0.0,0.0
268021009,97,0,0.0,0.0,0.0,0.0,0.0,0.0,0.0,0.0
268159008,77,0,0.0,0.0,0.0,0.0,0.0,0.0,0.0,0.0
268088001,99,1,0.0,0.0,0.0,0.0,0.0,0.0,0.0,0.0
268159006,106,1,0.0,0.0,0.0,0.0,0.0,0.0,0.0,0.0
268017005,73,1,0.0,0.0,0.0,0.0,0.0,0.0,0.0,0.0
268159005,111,1,0.0,0.0,0.0,0.0,0.0,0.0,0.0,0.0
268159007/02,80,44,0.0,0.0,0.0,0.0,0.0,0.0,0.0,0.0
268159007/01,19,102,0.0,0.0,0.0,0.0,0.0,0.0,0.0,0.0
268142009,2,86,0.0,0.0,0.0,0.0,0.0,0.0,0.0,0.0
268142011,5,64,0.0,0.0,0.0,0.0,0.0,0.0,0.0,0.0
268096001,0,53,0.5572308967596082,0.14643566541602296,47.51557072848202,84.4091764221885,258.5598654668285,118788.92682120505,211022.94105547122,646399.6636670713
268096002,0,109,0.4683436893203882,0.16427432216905902,103.8269458231579,175.341008336,550.3741951930846,259567.36455789476,438352.52083999995,1375935.4879827115
268096004,0,71,0.23522000000000004,0.0032530904359141183,1.0106428545478208,1.3403001871646067,4.909381650118413,2526.607136369552,3350.750467911517,12273.454125296033
268142021,31,46,0.0,0.0,0.0,0.0,0.0,0.0,0.0,0.0
268096003,7,67,0.782518,0.13383297644539616,70.71359121764327,136.34531154102535,398.856028421715,176783.97804410817,340863.2788525634,997140.0710542875
268096005,0,68,0.3300615384615385,0.08843537414965986,30.497997113469392,45.05470923406804,150.56134008772793,76244.99278367349,112636.7730851701,376403.3502193198
268143002/268143003,14,134,0.0,0.0,0.0,0.0,0.0,0.0,0.0,0.0
268096013,52,61,0.3884879385964912,0.19689119170984457,157.08155317060806,239.58498990703634,761.6004017238133,392703.88292652013,598962.4747675909,1904001.0043095334
268096014,0,88,0.3057056338028169,0.08711656441717791,37.897804848294484,54.33065569916074,184.24155085373252,94744.51212073621,135826.63924790185,460603.8771343313
268096008,0,74,0.3069222222222223,0.047872340425531915,17.53511225234043,25.177713606723408,85.31509148280853,43837.78063085107,62944.284016808524,213287.7287070213
268096006,10,115,0.0,0.0,0.0,0.0,0.0,0.0,0.0,0.0
268096007,26,29,0.42635238095238087,0.14482758620689656,58.661524764414295,92.60900298694986,289.7344728429802,146653.81191103574,231522.50746737464,724336.1821074506
268096020,95,5,0.4712908777969019,0.32713963963963966,312.2844111746638,501.31324755058995,1524.796820117364,780711.0279366594,1253283.118876475,3811992.0502934097
268096009,26,83,0.37786934673366834,0.4671361502347418,314.98303103960643,481.60883682030226,1551.4116966140807,787457.577599016,1204022.0920507556,3878529.2415352017
268143001,34,35,0.0,0.0,0.0,0.0,0.0,0.0,0.0,0.0
268096010,0,82,0.35203034482758616,0.6092436974789915,259.13175552,392.5481204716638,1296.0289115759326,647829.3888000001,981370.3011791595,3240072.2789398315
268096017,44,23,0.7848860465116279,0.47810979847116053,310.28429649521576,578.1326166950132,1663.1883196205702,775710.7412380393,1445331.541737533,4157970.7990514254
268096015,0,77,0.743562857142857,1.0,510.8702346527999,977.0861193104,2884.3649502799994,1277175.5866319998,2442715.298276,7210912.375699999
268143005,21,56,0.0,0.0,0.0,0.0,0.0,0.0,0.0,0.0
268096011,0,76,0.7864736453201971,0.9878345498783455,504.5241086895182,982.6156024181412,2883.9253956535276,1261310.2717237954,2456539.006045353,7209813.489133819
268096018,0,87,1.260578583196046,1.0,654.98646,1453.321055691598,3981.9298553079143,1637466.15,3633302.639228995,9954824.638269786
268143006,55,40,0.0,0.0,0.0,0.0,0.0,0.0,0.0,0.0
268096016,0,78,0.8576662207357858,1.0,534.507870816,1072.0941666532174,3119.779422365217,1336269.67704,2680235.4166330434,7799448.555913043
268143004,12,104,0.0,0.0,0.0,0.0,0.0,0.0,0.0,0.0
268143007,21,111,0.7857196236559139,0.3772819472616633,370.43619097914564,711.5157494249636,2075.671239814213,926090.4774478641,1778789.373562409,5189178.099535532
268096019,0,85,0.7668286567164178,0.635673624288425,361.1346111329032,697.4076251664516,2051.9702579354835,902836.527832258,1743519.062916129,5129925.644838708
268096012,0,70,0.7456168831168831,1.0,464.8228745454545,889.6594736363637,2625.34795,1162057.1863636363,2224148.684090909,6563369.875
268143008,60,44,1.5404819484240686,0.8429951690821256,928.1412225675663,2130.104374122725,5577.371253052511,2320353.0564189157,5325260.935306813,13943428.132631278
268143011,27,48,1.2311586985391767,0.9483627204030227,668.1910578491522,1422.0949097462644,3860.165558114715,1670477.6446228805,3555237.274365661,9650413.895286787
268143010,0,116,0.6020227074235808,0.5768261964735516,417.8948302002619,756.8988329266297,2295.8220745350122,1044737.0755006548,1892247.0823165742,5739555.186337531
268143009,40,66,0.0,0.0,0.0,0.0,0.0,0.0,0.0,0.0
268143012,26,77,1.2345877169559412,0.5693652603572786,518.1047130840985,1113.2677170656389,3030.8601121769852,1295261.7827102463,2783169.292664097,7577150.280442463
268143015,79,7,1.1048814432989689,0.7950819672131147,815.9772377280078,1648.7145484846108,4515.196969725276,2039943.0943200195,4121786.371211527,11287992.424313191
268097001,7,62,0.0,0.0,0.0,0.0,0.0,0.0,0.0,0.0
268097002,25,77,0.0,0.0,0.0,0.0,0.0,0.0,0.0,0.0
268097003,17,77,0.0,0.0,0.0,0.0,0.0,0.0,0.0,0.0
268097004,7,58,0.0,0.0,0.0,0.0,0.0,0.0,0.0,0.0
268117022,0,70,0.0,0.0,0.0,0.0,0.0,0.0,0.0,0.0
268117009,27,58,0.0,0.0,0.0,0.0,0.0,0.0,0.0,0.0
268117023,15,59,0.0,0.0,0.0,0.0,0.0,0.0,0.0,0.0
268133006,40,80,0.0,0.0,0.0,0.0,0.0,0.0,0.0,0.0
268128019,24,62,0.0,0.0,0.0,0.0,0.0,0.0,0.0,0.0
268131008,90,20,0.0,0.0,0.0,0.0,0.0,0.0,0.0,0.0
268128020,60,31,0.0,0.0,0.0,0.0,0.0,0.0,0.0,0.0
268128022,82,1,0.0,0.0,0.0,0.0,0.0,0.0,0.0,0.0
268131004,56,48,0.0,0.0,0.0,0.0,0.0,0.0,0.0,0.0
268131002,66,97,0.0,0.0,0.0,0.0,0.0,0.0,0.0,0.0
268128024,41,45,0.0,0.0,0.0,0.0,0.0,0.0,0.0,0.0
268131003,36,68,0.0,0.0,0.0,0.0,0.0,0.0,0.0,0.0
268131005,62,61,0.0,0.0,0.0,0.0,0.0,0.0,0.0,0.0
268128005,0,86,0.0,0.0,0.0,0.0,0.0,0.0,0.0,0.0
268131006,79,3,0.0,0.0,0.0,0.0,0.0,0.0,0.0,0.0
268128004,17,71,0.0,0.0,0.0,0.0,0.0,0.0,0.0,0.0
268131007,98,21,0.0,0.0,0.0,0.0,0.0,0.0,0.0,0.0
268128001,33,21,0.0,0.0,0.0,0.0,0.0,0.0,0.0,0.0
268128016,43,63,0.0,0.0,0.0,0.0,0.0,0.0,0.0,0.0
268128006,30,48,0.0,0.0,0.0,0.0,0.0,0.0,0.0,0.0
268128002,26,77,0.0,0.0,0.0,0.0,0.0,0.0,0.0,0.0
268128007,49,41,0.0,0.0,0.0,0.0,0.0,0.0,0.0,0.0
268128013,39,30,0.0,0.0,0.0,0.0,0.0,0.0,0.0,0.0
268128015,25,87,0.0,0.0,0.0,0.0,0.0,0.0,0.0,0.0
268128023,32,33,0.0,0.0,0.0,0.0,0.0,0.0,0.0,0.0
268128003,71,30,0.0,0.0,0.0,0.0,0.0,0.0,0.0,0.0
268128017,93,0,0.0,0.0,0.0,0.0,0.0,0.0,0.0,0.0
268128018,47,20,0.0,0.0,0.0,0.0,0.0,0.0,0.0,0.0
268128021,34,10,0.0,0.0,0.0,0.0,0.0,0.0,0.0,0.0
268117021,3,109,0.0,0.0,0.0,0.0,0.0,0.0,0.0,0.0
268117020,0,112,0.0,0.0,0.0,0.0,0.0,0.0,0.0,0.0
268117019,57,13,0.0,0.0,0.0,0.0,0.0,0.0,0.0,0.0
268109012,0,127,0.7721413469735721,0.1460772104607721,124.17777723492705,240.36146757981973,706.7297005182069,310444.44308731763,600903.6689495493,1766824.2512955172
268105007,24,155,0.0,0.0,0.0,0.0,0.0,0.0,0.0,0.0
268105008,20,99,0.0,0.0,0.0,0.0,0.0,0.0,0.0,0.0
268105001,75,60,0.0,0.0,0.0,0.0,0.0,0.0,0.0,0.0
268109017,57,12,1.3073508847441415,0.3943794794417201,324.02309011658656,683.2517980813246,1816.6860939047801,810057.7252914663,1708129.4952033116,4541715.234761951
268109008,0,97,0.24226666666666666,0.0046439628482972135,2.030126561981424,2.6907787411021675,9.678160779739938,5075.316404953561,6726.946852755419,24195.401949349845
268109016,29,54,1.6623632183908044,0.8630952380952381,671.9952061044023,1624.5993813677824,4234.192996809472,1679988.0152610058,4061498.453419456,10585482.49202368
268109013,0,99,0.7948785714285715,0.14285714285714285,95.26437520824491,186.2030863116735,545.923467055102,238160.9380206123,465507.7157791838,1364808.6676377552
268109015,42,34,1.3776444020356233,0.6060138781804163,481.6564346929048,1054.780153089376,2803.8748475198727,1204141.086732262,2636950.38272344,7009687.118799682
268109006,0,52,0.4622338983050847,0.5959595959595959,178.69879153454545,300.3146378298182,944.7323947254949,446746.97883636365,750786.5945745455,2361830.9868137375
268109011,0,124,0.5558333333333334,0.6176470588235294,468.6003079058824,831.9275487764709,2549.14788882353,1171500.769764706,2079818.8719411772,6372869.722058825
268109005,60,37,0.9221854184641932,0.9361873990306947,899.9256159012284,1768.6717919577432,5012.938346538998,2249814.039753071,4421679.479894358,12532345.866347495
268109004,70,24,1.5809801627670397,1.0,1078.7237144798505,2478.854827443453,6443.960433885805,2696809.2861996265,6197137.068608632,16109901.084714513
268109007,0,81,0.3923722222222223,0.2297872340425532,100.49179840391491,158.74130299128515,513.8118250060596,251229.49600978728,396853.2574782129,1284529.5625151491
268109009/268109018,0,137,0.4119791666666667,0.1559792027729636,117.57641987651647,189.21898559142116,607.174060080156,293941.0496912912,473047.4639785529,1517935.15020039
268109001,103,1,1.4990937321937323,0.8081350729086723,1073.9525576503684,2379.640077458589,6200.9306222183695,2684881.3941259207,5949100.193646473,15502326.555545924
268109010,0,167,0.4711268656716418,0.48086124401913877,466.81483623588525,790.0816599711965,2477.51412184335,1167037.090589713,1975204.1499279912,6193785.304608375
268109014,0,79,0.45553333333333335,0.024193548387096774,10.95385300064516,18.30876076812903,57.73809707238709,27384.6325016129,45771.901920322576,144345.24268096773
268109003,87,0,2.037223058823529,1.0,1116.132687424957,2853.360551716003,7148.0664395289605,2790331.718562393,7133401.379290008,17870166.0988224
268009017,34,94,0.7998221987315012,0.9722507708119219,989.6768867410724,1897.1436628693368,5505.018830495889,2474192.216852681,4742859.157173342,13762547.076239724
268009013,13,73,0.4182711538461538,0.05752212389380531,30.1885929899369,48.27159826904542,153.3628066547114,75471.48247484225,120678.99567261354,383407.0166367785
268009009,14,61,0.47989663865546217,0.34195402298850575,169.21140939731185,284.0781215083584,880.8016938252019,423028.52349327964,710195.3037708959,2202004.2345630047
268009011,57,66,0.0,0.0,0.0,0.0,0.0,0.0,0.0,0.0
268009001,63,48,0.712915331010453,0.37962962962962965,381.2103444919692,694.0610893768658,2022.3817597821383,953025.861229923,1735152.7234421645,5055954.399455345
268009002,50,73,0.53429633401222,0.597323600973236,567.1403624469464,968.4798066385545,2936.6211234457924,1417850.906117366,2421199.516596386,7341552.808614481
268009016,83,19,0.9834568281938326,1.0,1125.4041073069902,2236.614026912948,6273.594807879255,2813510.2682674755,5591535.067282369,15683987.019698137
268009008,92,59,0.6798428235294117,0.9199134199134199,1264.5446953017376,2269.6929488422284,6645.437386867225,3161361.738254344,5674232.3721055705,16613593.467168061
268009012,51,67,0.43149892473118284,0.3639921722113503,311.21019433529386,494.5933957556513,1546.3864124481981,778025.4858382347,1236483.4893891283,3865966.0311204954
268009010,42,56,0.6994705188679244,0.8138195777351248,668.9886375162343,1221.0126185064169,3579.2666938870852,1672471.5937905859,3052531.546266042,8948166.734717714
268009005,91,7,0.5294142028985507,0.3988439306358382,384.21604735520935,639.3755861497388,1915.6085929792716,960540.1183880233,1598438.9653743468,4789021.482448179
268009004,93,1,0.5884742424242423,0.3826086956521739,371.9797831225374,633.9019198627235,1873.3952390095676,929949.4578063436,1584754.7996568088,4683488.097523919
268107005,78,79,1.1074663990825688,0.6546546546546547,1008.0495047752822,2084.631489814115,5760.533508271062,2520123.7619382055,5211578.724535287,14401333.770677654
268104003,25,88,0.5669444073455759,0.48267526188557613,385.35098055786887,675.5618558719818,2046.2561663822007,963377.4513946722,1688904.6396799546,5115640.415955502
268104013,0,76,0.0,0.0,0.0,0.0,0.0,0.0,0.0,0.0
268104009,38,72,0.5067808219178083,0.3427230046948357,278.13078887405675,470.59514853891477,1438.9246644805041,695326.9721851419,1176487.871347287,3597311.6612012605
268104012,8,200,0.0,0.0,0.0,0.0,0.0,0.0,0.0,0.0
268104010,94,18,0.7839035830618891,0.41542625169147496,488.936177366459,903.4384028833074,2589.434388039172,1222340.4434161475,2258596.0072082686,6473585.97009793
268104002,30,89,0.7924780663780665,0.7516268980477223,704.3074096123636,1347.3231423242025,3914.8292246386554,1760768.524030909,3368307.8558105063,9787073.06159664
268104011/02,26,55,0.0,0.0,0.0,0.0,0.0,0.0,0.0,0.0
268104011/01,0,103,0.5090537313432836,0.3691460055096419,227.74429394829755,395.69748397954834,1225.9572543889808,569360.7348707439,989243.7099488708,3064893.135972452
268104001,0,112,0.36469496124031003,0.19679633867276888,115.79503007194509,177.83344907901753,583.3076898604912,289487.57517986273,444583.6226975438,1458269.2246512282
268104008,0,89,0.5186063025210085,0.7603833865814696,407.1319702731758,710.5800989612526,2196.41784295655,1017829.9256829395,1776450.2474031316,5491044.607391375
268104014,0,143,0.370945945945946,0.06618962432915922,50.0367411627907,77.35095167441862,252.92792032558143,125091.85290697674,193377.37918604657,632319.8008139535
268104016,51,78,0.5193536388140162,0.25324232081911263,249.0047851529112,422.5651586841055,1286.1600407041933,622511.962882278,1056412.8967102638,3215400.1017604833
268104007,0,80,0.0,0.0,0.0,0.0,0.0,0.0,0.0,0.0
268058008,227,1,0.0,0.0,0.0,0.0,0.0,0.0,0.0,0.0
268058016/01,23,120,0.3411243243243243,0.01737089201877934,14.139601883780715,20.894133654445042,68.79765171574141,35349.00470945179,52235.33413611261,171994.12928935353
268059004,0,103,0.0,0.0,0.0,0.0,0.0,0.0,0.0,0.0
268009003,79,25,0.6487494152046783,0.2692913385826772,269.671034913201,475.071663939762,1394.1141108258869,674177.5872830026,1187679.159849405,3485285.2770647174
268059002,85,41,0.29510000000000003,0.002178649237472767,1.9611820609023383,2.6649257965371653,8.825014995001737,4902.955152255846,6662.314491342913,22062.53748750434
268059001,71,0,0.0,0.0,0.0,0.0,0.0,0.0,0.0,0.0
268058015,2,113,0.7658202702702703,0.12758620689655173,99.18384183656153,191.15086895615028,562.0854573518509,247959.60459140383,477877.1723903757,1405213.6433796273
268058016/02,28,51,0.0,0.0,0.0,0.0,0.0,0.0,0.0,0.0
268059003,95,32,0.5035123167155425,0.21901091843288376,250.01807676822182,413.9472258565277,1252.477618367626,625045.1919205545,1034868.0646413193,3131194.0459190654
268058017,129,6,0.0,0.0,0.0,0.0,0.0,0.0,0.0,0.0
268058011/01,22,29,0.8941294117647058,0.02207792207792208,10.076170328432813,19.816026281828975,56.598969496310964,25190.425821082034,49540.06570457244,141497.42374077742
268058010,22,130,0.4471198083067093,0.2675213675213675,253.8970223354992,416.48835653431934,1308.7246979540132,634742.555838748,1041220.8913357983,3271811.744885033
268058002,93,0,0.0,0.0,0.0,0.0,0.0,0.0,0.0,0.0
268058011/02,1,150,0.0,0.0,0.0,0.0,0.0,0.0,0.0,0.0
268058005,75,30,0.0,0.0,0.0,0.0,0.0,0.0,0.0,0.0
268058006,81,22,0.0,0.0,0.0,0.0,0.0,0.0,0.0,0.0
268009006,0,44,0.5854808139534883,0.5830508474576271,159.05538354744408,286.06750493602715,870.7875295918644,397638.4588686102,715168.7623400679,2176968.823979661
268058003,71,0,0.0,0.0,0.0,0.0,0.0,0.0,0.0,0.0
268049002,116,31,0.6608571839080459,0.39816933638443935,573.9220190766546,1014.5958501396478,2968.8275183866094,1434805.0476916365,2536489.62534912,7422068.795966524
268058004,76,42,0.0,0.0,0.0,0.0,0.0,0.0,0.0,0.0
268049005,70,75,0.43448344370860925,0.08502252252252253,91.94530761849609,146.1075217102317,455.55470027767234,229863.26904624022,365268.8042755793,1138886.7506941808
268129023,50,31,0.0,0.0,0.0,0.0,0.0,0.0,0.0,0.0
268114005,35,71,0.7442444444444445,0.0015861825872400424,1.3630557187187389,2.543115860440092,7.418615713773271,3407.6392967968472,6357.78965110023,18546.539284433176
268116004,89,1,0.0,0.0,0.0,0.0,0.0,0.0,0.0,0.0
268128014,27,6,0.0,0.0,0.0,0.0,0.0,0.0,0.0,0.0
268114004,61,51,0.0,0.0,0.0,0.0,0.0,0.0,0.0,0.0
268128011,86,36,0.0,0.0,0.0,0.0,0.0,0.0,0.0,0.0
268116002,102,2,0.0,0.0,0.0,0.0,0.0,0.0,0.0,0.0
268116007,0,126,0.0,0.0,0.0,0.0,0.0,0.0,0.0,0.0
268116006,81,18,0.3596,0.00017780938833570413,0.1432609287574454,0.2088231366097689,0.6653318815975195,358.1523218936135,522.0578415244222,1663.3297039937988
268128012/01,32,158,0.0,0.0,0.0,0.0,0.0,0.0,0.0,0.0
268128012/02,38,39,0.0,0.0,0.0,0.0,0.0,0.0,0.0,0.0
268116001,55,38,0.0,0.0,0.0,0.0,0.0,0.0,0.0,0.0
268116003,45,31,0.0,0.0,0.0,0.0,0.0,0.0,0.0,0.0
268128008,1,67,0.0,0.0,0.0,0.0,0.0,0.0,0.0,0.0
268128009,56,1,0.0,0.0,0.0,0.0,0.0,0.0,0.0,0.0
268114008,31,83,0.0,0.0,0.0,0.0,0.0,0.0,0.0,0.0
268116014,0,116,0.0,0.0,0.0,0.0,0.0,0.0,0.0,0.0
268128010,3,52,0.0,0.0,0.0,0.0,0.0,0.0,0.0,0.0
268116009,50,9,0.0,0.0,0.0,0.0,0.0,0.0,0.0,0.0
268117013,31,47,0.0,0.0,0.0,0.0,0.0,0.0,0.0,0.0
268117012,49,22,0.0,0.0,0.0,0.0,0.0,0.0,0.0,0.0
268117018,43,29,0.0,0.0,0.0,0.0,0.0,0.0,0.0,0.0
268114010,0,54,0.0,0.0,0.0,0.0,0.0,0.0,0.0,0.0
268114009,22,57,0.9676995106035888,0.4289713086074178,284.6911017654587,580.8345667704349,1653.6173745457131,711727.7544136468,1452086.416926087,4134043.436364283
268117011,33,54,0.0,0.0,0.0,0.0,0.0,0.0,0.0,0.0
268117014,68,15,0.0,0.0,0.0,0.0,0.0,0.0,0.0,0.0
268114011,81,0,0.5718673400673401,0.14812967581047382,123.73267341323748,209.29287153138893,620.5104102694245,309331.6835330937,523232.17882847233,1551276.0256735613
268116011,26,77,0.32446842105263163,0.007645875251509054,4.655082996978517,6.7051374911933825,22.185143645970193,11637.707492446292,16762.843727983458,55462.85911492548
268116008,19,150,0.693084368737475,0.11952095808383234,141.1183076803504,262.47030137522427,778.300026456308,352795.769200876,656175.7534380606,1945750.0661407702
268117016,22,46,0.0,0.0,0.0,0.0,0.0,0.0,0.0,0.0
268114012,0,88,0.255245,0.06309148264984227,25.973458248075712,34.68702944726813,121.88254589718612,64933.64562018928,86717.57361817033,304706.3647429653
268111001,110,16,0.7426015672782875,0.7461494580718768,988.7619349302734,1795.258286781371,5170.7367870388,2471904.8373256833,4488145.7169534275,12926841.967597
268116010,7,103,0.0,0.0,0.0,0.0,0.0,0.0,0.0,0.0
268114013,29,45,0.566532608695652,0.05215419501133787,29.989392933248148,51.99787629953437,156.61612603619056,74973.48233312037,129994.69074883593,391540.3150904764
268116012,0,79,0.9154136363636364,0.041121495327102804,22.610532320254205,46.381036812052336,134.10729643700932,56526.330800635515,115952.59203013084,335268.2410925233
268117006,12,80,0.0,0.0,0.0,0.0,0.0,0.0,0.0,0.0
268117007,38,79,0.0,0.0,0.0,0.0,0.0,0.0,0.0,0.0
268115005,66,55,0.44700652173913036,0.02076749435665914,19.563147444442755,31.318570237383664,97.01672186012408,48907.86861110689,78296.42559345916,242541.8046503102
268116013,57,38,0.36570215053763444,0.18128654970760233,127.55045132280162,188.81774019069078,603.656889807265,318876.12830700405,472044.35047672695,1509142.2245181624
268117005,77,28,0.0,0.0,0.0,0.0,0.0,0.0,0.0,0.0
268111002,93,11,0.8809687268232386,0.8366080661840745,964.1496319739999,1843.66922632196,5218.882782053061,2410374.079935,4609173.0658049,13047206.955132654
268115018,96,2,0.5101333333333333,0.03513513513513514,34.26546765175449,56.41452113728645,169.58306033706023,85663.66912938622,141036.30284321614,423957.65084265056
268117003,35,53,0.0,0.0,0.0,0.0,0.0,0.0,0.0,0.0
268117002,46,73,0.0,0.0,0.0,0.0,0.0,0.0,0.0,0.0
268115023,68,38,0.9042266501941405,0.5780452968781882,610.672417306189,1191.1626804729449,3380.8023685325015,1526681.0432654724,2977906.701182362,8452005.921331253
268111004,90,7,0.7300662162162163,0.8381877022653722,870.4515723223823,1570.2603412158476,4527.349522335328,2176128.9308059555,3925650.853039619,11318373.80583832
268115020,25,46,0.6596119402985074,0.10668789808917198,59.98796811750718,108.33384162910176,320.61113528999687,149969.92029376794,270834.6040727544,801527.8382249922
268115019,23,66,0.5865690476190476,0.037366548042704624,24.21740028566492,42.70894142595006,128.6482474653733,60543.5007141623,106772.35356487514,321620.61866343324
268115022,58,8,1.439535624284078,0.9886749716874292,795.2081843729616,1740.7815011120663,4568.703871567887,1988020.460932404,4351953.7527801655,11421759.678919718
268111003,74,14,1.265569770879527,0.8706563706563707,918.3286029059715,1909.8881802945093,5096.731342674548,2295821.507264929,4774720.450736273,12741828.356686369
268115021,96,2,1.568456870860927,0.8895434462444771,1108.9509825356542,2508.1975222288083,6498.423659105466,2772377.4563391358,6270493.805572021,16246059.147763666
268115017,48,38,1.0509525423728814,0.052444444444444446,44.974691876237955,91.8251214451257,256.04374556303367,112436.72969059489,229562.80361281426,640109.3639075842
268117017,41,26,0.0,0.0,0.0,0.0,0.0,0.0,0.0,0.0
268117010,15,77,0.0,0.0,0.0,0.0,0.0,0.0,0.0,0.0
268117004,19,49,0.0,0.0,0.0,0.0,0.0,0.0,0.0,0.0
268117001,19,68,0.0,0.0,0.0,0.0,0.0,0.0,0.0,0.0
268117015,35,34,0.0,0.0,0.0,0.0,0.0,0.0,0.0,0.0
268117008,9,50,0.0,0.0,0.0,0.0,0.0,0.0,0.0,0.0
268108023,99,0,2.265766530194473,1.0,1270.082023621503,3387.5891265680903,8465.03027526579,3175205.059053757,8468972.816420225,21162575.688164476
268108008/03,0,122,2.5542606060606063,1.0,918.4867600000001,2797.85404669091,7120.539789723637,2296216.9000000004,6994635.116727275,17801349.474309094
268108009,105,1,2.105883956244303,1.0,1354.5852717197756,3509.6508473117287,8786.551430208276,3386463.179299439,8774127.118279321,21966378.57552069
268108007,82,0,2.330521298701299,0.8357452966714906,879.1932966217348,2372.5912942542404,5924.7027353188405,2197983.241554337,5931478.235635601,14811756.8382971
268108010,0,68,1.7702922413793105,1.0,511.94344000000007,1322.8186720551726,3456.267777180828,1279858.6,3307046.6801379314,8640669.44295207
268108024,77,0,2.200868335146899,1.0,987.8415739278355,2603.7248596546415,6510.8021751126835,2469603.934819589,6509312.149136604,16277005.437781708
268108002,87,2,1.5081366580310882,1.0,1131.1898474249572,2514.5967022562004,6548.942470541232,2827974.618562393,6286491.755640501,16372356.17635308
268108006,63,39,1.7321321589205396,0.9460992907801419,1042.458212150715,2518.9074765352802,6484.416325085469,2606145.5303767878,6297268.691338201,16211040.812713673
268108016,0,113,1.3940180212014135,0.4367283950617284,371.5377466358025,859.8968120395062,2324.5965084768027,928844.3665895062,2149742.0300987656,5811491.271192007
268108001,92,0,0.6501926630434783,0.4835742444152431,474.4961055694574,828.7960603733364,2419.9169319834036,1186240.2639236436,2071990.1509333411,6049792.329958509
268108004,67,14,2.40281392931393,1.0,964.9505804307141,2662.186097764868,6660.140569033543,2412376.451076785,6655465.24441217,16650351.422583858
268108005,75,4,1.9423271857923496,1.0,992.2976712284113,2488.1066635776187,6265.849001901914,2480744.1780710286,6220266.658944047,15664622.504754784
268108012,99,0,1.9651335948644792,0.7598915989159891,965.1246596841988,2428.161843330047,6100.260504735186,2412811.6492104973,6070404.608325117,15250651.261837965
268107006,64,17,1.6687706036745407,0.872852233676976,828.37952763203,1946.3672498526628,5018.400942985365,2070948.819080075,4865918.124631657,12546002.357463412
268108013,48,83,0.9982444444444446,0.4411006018916595,514.2975888869275,1053.5308357010008,2982.470198219113,1285743.9722173188,2633827.089252502,7456175.495547783
268108011,0,80,1.1689078947368419,0.19,112.40733134399999,245.20406854399997,681.756537584,281018.32836,613010.1713599999,1704391.34396
268107003,82,1,1.3333757575757577,0.9508474576271186,1007.4378198126412,2124.5586602383814,5617.533796074605,2518594.549531603,5311396.650595954,14043834.490186512
268121002,2,76,0.0,0.0,0.0,0.0,0.0,0.0,0.0,0.0
268121004,109,14,0.0,0.0,0.0,0.0,0.0,0.0,0.0,0.0
268123003,88,0,0.0,0.0,0.0,0.0,0.0,0.0,0.0,0.0
268123002,98,0,0.0,0.0,0.0,0.0,0.0,0.0,0.0,0.0
268086001,73,0,0.0,0.0,0.0,0.0,0.0,0.0,0.0,0.0
268121003,112,0,0.0,0.0,0.0,0.0,0.0,0.0,0.0,0.0
268023002,107,0,0.0,0.0,0.0,0.0,0.0,0.0,0.0,0.0
268023001,82,0,0.0,0.0,0.0,0.0,0.0,0.0,0.0,0.0
268121005,100,0,0.0,0.0,0.0,0.0,0.0,0.0,0.0,0.0
268086004,103,23,0.0,0.0,0.0,0.0,0.0,0.0,0.0,0.0
268123009,118,0,0.0,0.0,0.0,0.0,0.0,0.0,0.0,0.0
268086002,99,0,0.0,0.0,0.0,0.0,0.0,0.0,0.0,0.0
268023004,93,4,0.0,0.0,0.0,0.0,0.0,0.0,0.0,0.0
268123004,120,0,0.0,0.0,0.0,0.0,0.0,0.0,0.0,0.0
268121001,111,0,0.0,0.0,0.0,0.0,0.0,0.0,0.0,0.0
268120003,112,8,0.0,0.0,0.0,0.0,0.0,0.0,0.0,0.0
268086003,77,0,0.0,0.0,0.0,0.0,0.0,0.0,0.0,0.0
268120001,94,0,0.0,0.0,0.0,0.0,0.0,0.0,0.0,0.0
268123001,100,0,0.0,0.0,0.0,0.0,0.0,0.0,0.0,0.0
268123006,106,0,0.0,0.0,0.0,0.0,0.0,0.0,0.0,0.0
268123005,88,0,0.0,0.0,0.0,0.0,0.0,0.0,0.0,0.0
268123007,116,0,0.0,0.0,0.0,0.0,0.0,0.0,0.0,0.0
268123008,110,0,0.0,0.0,0.0,0.0,0.0,0.0,0.0,0.0
268087004,104,3,0.0,0.0,0.0,0.0,0.0,0.0,0.0,0.0
268087001,103,2,0.0,0.0,0.0,0.0,0.0,0.0,0.0,0.0
268087002,113,2,0.0,0.0,0.0,0.0,0.0,0.0,0.0,0.0
268087007,93,0,0.0,0.0,0.0,0.0,0.0,0.0,0.0,0.0
268087003,104,0,0.0,0.0,0.0,0.0,0.0,0.0,0.0,0.0
268087008,83,0,0.0,0.0,0.0,0.0,0.0,0.0,0.0,0.0
268089011,130,0,0.0,0.0,0.0,0.0,0.0,0.0,0.0,0.0
268089005,102,0,0.0,0.0,0.0,0.0,0.0,0.0,0.0,0.0
268089009,72,13,0.0,0.0,0.0,0.0,0.0,0.0,0.0,0.0
268089004,73,0,0.0,0.0,0.0,0.0,0.0,0.0,0.0,0.0
268089008,0,52,0.0,0.0,0.0,0.0,0.0,0.0,0.0,0.0
268089006,71,0,0.0,0.0,0.0,0.0,0.0,0.0,0.0,0.0
268089007,79,0,0.0,0.0,0.0,0.0,0.0,0.0,0.0,0.0
268089003,78,0,0.0,0.0,0.0,0.0,0.0,0.0,0.0,0.0
268089010,42,54,0.0,0.0,0.0,0.0,0.0,0.0,0.0,0.0
267160001,83,0,0.0,0.0,0.0,0.0,0.0,0.0,0.0,0.0
267160002,112,0,0.0,0.0,0.0,0.0,0.0,0.0,0.0,0.0
268022015,74,20,0.0,0.0,0.0,0.0,0.0,0.0,0.0,0.0
268022008,118,0,0.0,0.0,0.0,0.0,0.0,0.0,0.0,0.0
268022009,89,0,0.0,0.0,0.0,0.0,0.0,0.0,0.0,0.0
268022005,77,0,0.0,0.0,0.0,0.0,0.0,0.0,0.0,0.0
268022006,103,0,0.0,0.0,0.0,0.0,0.0,0.0,0.0,0.0
268022010,82,31,0.0,0.0,0.0,0.0,0.0,0.0,0.0,0.0
268050008,63,6,0.0,0.0,0.0,0.0,0.0,0.0,0.0,0.0
268050006,70,19,0.0,0.0,0.0,0.0,0.0,0.0,0.0,0.0
268050004,100,17,0.0,0.0,0.0,0.0,0.0,0.0,0.0,0.0
268050003,88,0,0.0,0.0,0.0,0.0,0.0,0.0,0.0,0.0
268050010,110,0,0.0,0.0,0.0,0.0,0.0,0.0,0.0,0.0
268070005,89,0,0.0,0.0,0.0,0.0,0.0,0.0,0.0,0.0
268050005,102,0,0.0,0.0,0.0,0.0,0.0,0.0,0.0,0.0
268050007,79,0,0.0,0.0,0.0,0.0,0.0,0.0,0.0,0.0
268070022/01,74,0,0.0,0.0,0.0,0.0,0.0,0.0,0.0,0.0
268070022/02,0,115,0.0,0.0,0.0,0.0,0.0,0.0,0.0,0.0
268050009,140,0,0.0,0.0,0.0,0.0,0.0,0.0,0.0,0.0
268070016,108,0,0.0,0.0,0.0,0.0,0.0,0.0,0.0,0.0
268050002,78,0,0.0,0.0,0.0,0.0,0.0,0.0,0.0,0.0
268050001,83,0,0.0,0.0,0.0,0.0,0.0,0.0,0.0,0.0
268070013,101,0,0.0,0.0,0.0,0.0,0.0,0.0,0.0,0.0
268070008,60,35,0.0,0.0,0.0,0.0,0.0,0.0,0.0,0.0
268070007,109,0,0.0,0.0,0.0,0.0,0.0,0.0,0.0,0.0
268070014,93,0,0.0,0.0,0.0,0.0,0.0,0.0,0.0,0.0
268025001,110,0,0.0,0.0,0.0,0.0,0.0,0.0,0.0,0.0
268048009,16,69,0.26053846153846155,0.035747021081576534,16.146965885629207,21.440324459490544,74.17967655647175,40367.41471407302,53600.81114872636,185449.19139117937
268070009,97,0,0.0,0.0,0.0,0.0,0.0,0.0,0.0,0.0
268048001,79,14,0.0,0.0,0.0,0.0,0.0,0.0,0.0,0.0
268070010,91,0,0.0,0.0,0.0,0.0,0.0,0.0,0.0,0.0
268048008,23,101,0.23427567567567573,0.026019690576652602,15.853357646738406,20.748167117215846,75.30553356535768,39633.394116846015,51870.41779303962,188263.8339133942
268048002,86,8,0.0,0.0,0.0,0.0,0.0,0.0,0.0,0.0
268070011,96,0,0.0,0.0,0.0,0.0,0.0,0.0,0.0,0.0
268048007,18,69,0.0,0.0,0.0,0.0,0.0,0.0,0.0,0.0
268070021,113,5,0.0,0.0,0.0,0.0,0.0,0.0,0.0,0.0
268049004,127,51,0.6093217883418223,0.08236226344737578,135.951870804109,236.2027030108868,699.146976250167,339879.6770102725,590506.757527217,1747867.4406254175
268049001,97,0,0.0,0.0,0.0,0.0,0.0,0.0,0.0,0.0
268049009,69,17,0.20705,0.0014858841010401188,0.7635449156729094,0.9744202022591589,3.7194495291795566,1908.8622891822736,2436.0505056478974,9298.623822948892
268049010,51,16,0.32289850746268656,0.05201863354037267,26.662676944954026,37.37765863635876,121.49801951890981,66656.69236238506,93444.1465908969,303745.04879727453
268049003,6,116,0.3127244680851064,0.1203585147247119,75.58802474661327,108.88972096237498,366.57700593748774,188970.0618665332,272224.30240593746,916442.5148437193
268049007,77,0,0.0,0.0,0.0,0.0,0.0,0.0,0.0,0.0
268049006,59,10,0.4135630136986301,0.09311224489795919,55.934487592250875,85.84013719516484,267.0321859887911,139836.2189806272,214600.3429879121,667580.4649719779
268049008,107,1,0.2299,0.0006369426751592356,0.4944835777778557,0.625135604749904,2.2222732041468265,1236.2089444446392,1562.83901187476,5555.683010367066
268009007,56,60,0.7876048223350254,0.7856430707876371,811.7411882143294,1527.624887214849,4411.7797427663545,2029352.9705358236,3819062.2180371224,11029449.356915886
268107001,119,0,0.9850468674698795,0.5400130123617437,767.4390804550155,1513.8976262060223,4231.198848343363,1918597.7011375388,3784744.065515056,10577997.120858409
268107004,63,51,1.772972894736842,0.9986859395532195,1190.6249832118501,2922.0966585227798,7508.881374143284,2976562.4580296255,7305241.64630695,18772203.43535821
268143028,0,112,0.6802431261770244,0.5379939209726444,389.2827538464681,727.4725331399717,2172.2601489021276,973206.8846161702,1818681.332849929,5430650.372255319
268110009,0,100,0.32117346938775515,0.26344086021505375,132.3730564516129,193.4784037634409,649.9191758064518,330932.6411290323,483696.00940860226,1624797.9395161294
268110010,30,47,0.5544429752066116,0.2184115523465704,129.82385162120516,223.93210172444765,676.3072765248164,324559.62905301293,559830.2543111191,1690768.1913120411
268143030,0,92,0.9208546666666668,0.6097560975609756,391.01181892136583,803.7330197650732,2322.5854107512196,977529.5473034146,2009332.5494126831,5806463.526878049
268143031,0,64,0.0,0.0,0.0,0.0,0.0,0.0,0.0,0.0
268143029,0,97,0.7202,0.11538461538461539,73.53830091323077,139.4790948535385,413.43991093846154,183845.75228307693,348697.73713384627,1033599.7773461539
268110020,105,0,0.22974999999999998,0.0036231884057971015,2.7432504627564542,3.4671916853233222,12.32709527538712,6858.126156891136,8667.979213308305,30817.7381884678
268143024/04,0,97,1.4471458033573141,0.1306800376057662,95.43200639924788,224.5015859088687,603.8243942642733,238580.0159981197,561253.9647721717,1509560.9856606834
268143027,0,107,0.0,0.0,0.0,0.0,0.0,0.0,0.0,0.0
268110014,29,62,0.3310284552845529,0.24070450097847357,135.37841410300237,195.7190083768369,643.3346981315165,338446.03525750595,489297.5209420923,1608336.7453287912
268110011,43,27,0.5956379746835443,0.284992784992785,175.6104834787581,304.7372660390092,906.6445236692077,439026.2086968953,761843.165097523,2266611.309173019
268110012,0,100,1.3215126436781608,0.11670020120724346,87.85868008048291,198.78007608316568,541.2413063254193,219646.70020120728,496950.1902079142,1353103.2658135481
268110013,35,49,0.5260035928143713,0.3306930693069307,214.77786068799588,365.1629091830582,1108.9979555716695,536944.6517199897,912907.2729576456,2772494.888929174
268143025,0,190,0.7613727272727274,0.034976152623211444,44.34877661227345,85.4403974120191,251.5669681971383,110871.94153068362,213600.99353004774,628917.4204928457
268143022,0,131,0.6135684210526315,0.040169133192389,33.03162988637632,60.11619854927696,181.901954789852,82579.0747159408,150290.4963731924,454754.88697463
268108026/02,117,3,1.085721372133359,0.05196326820817353,75.79650699385618,152.34621303392234,418.2926488439451,189491.26748464047,380865.53258480586,1045731.6221098626
268108020,4,224,0.0,0.0,0.0,0.0,0.0,0.0,0.0,0.0
268108029/02,0,164,1.3642256756756759,0.37092731829573933,457.97918235588975,1050.1870775819552,2847.3065578167825,1144947.9558897244,2625467.6939548883,7118266.3945419565
268108029/01,22,49,1.2571654052124241,0.8682579045257285,565.3582070712839,1214.362348614251,3288.8050824527163,1413395.5176782098,3035905.8715356276,8222012.706131791
268108014,0,49,0.0,0.0,0.0,0.0,0.0,0.0,0.0,0.0
268108015/01,0,75,0.0,0.0,0.0,0.0,0.0,0.0,0.0,0.0
268108015/02,0,70,0.0,0.0,0.0,0.0,0.0,0.0,0.0,0.0
268108021/02,0,88,0.0,0.0,0.0,0.0,0.0,0.0,0.0,0.0
268108021/01,0,89,0.0,0.0,0.0,0.0,0.0,0.0,0.0,0.0
268108018/268108019,0,130,1.0145375634517766,0.388560157790927,360.7296244574359,765.2518604061537,2187.6277707753843,901824.0611435897,1913129.6510153844,5469069.426938461
268108017/01,0,106,1.6459688311688312,0.5032679738562091,401.6226794771242,1001.9982709751635,2646.1096958345624,1004056.6986928106,2504995.6774379085,6615274.239586406
268108017/03,0,70,1.273711111111111,0.189873417721519,100.06340506329116,222.96750413502116,610.0720942210971,250158.5126582279,557418.7603375529,1525180.2355527428
268108028,87,58,1.7708096631205674,0.8676923076923077,1347.344222565655,3294.1019036034154,8457.330257688729,3368360.5564141376,8235254.759008539,21143325.644221824
268108017/02,0,49,1.5793318846636022,0.8234686854783207,303.7779439298005,743.3899120335858,1974.9600089707312,759444.8598245012,1858474.7800839646,4937400.022426828
268109002,81,0,1.2217959627329191,0.7777777777777778,802.3058881711243,1641.6965476624387,4395.2018555843515,2005764.7204278107,4104241.3691560966,10988004.63896088
268108008/01,0,56,2.4377867994100293,0.9818971759594497,413.96832069514846,1235.1125015565535,3148.3661890364892,1034920.8017378711,3087781.2538913838,7870915.472591223
268108022,78,1,2.3653137339055794,0.9776223776223776,985.6381628377704,2678.148340733641,6686.531843866916,2464095.407094426,6695370.8518341025,16716329.609667288
268108003,83,11,2.2931305611222443,0.9950149551345963,1141.909631886397,3079.4411705956422,7706.252133880691,2854774.0797159923,7698602.926489105,19265630.334701728
268108025,85,1,2.33374691195795,1.0,1098.0030447255326,2966.500713062615,7408.761576078281,2745007.6118138316,7416251.782656537,18521903.940195702
268108008/02,12,131,1.8384065789473683,0.7667087011349306,874.196136503783,2278.045146789563,5900.862107710209,2185490.3412594576,5695112.866973908,14752155.269275522
268107002,88,2,1.793540487804878,0.9887459807073955,1131.1441473415136,2723.352286353159,6930.312664079672,2827860.368353784,6808380.715882897,17325781.66019918
268143024/03,0,125,2.1469103773584903,0.24063564131668558,226.4555845629966,640.2684421112373,1639.0026940408625,566138.9614074915,1600671.1052780931,4097506.735102156
268143024/02,1,126,0.6914627802690582,0.06566548881036513,54.421516326959406,102.05940309945177,304.0092033089437,136053.79081739852,255148.50774862943,760023.0082723593
268143016,6,62,1.0754790746582543,0.252054068380599,131.68778300820262,279.94004683713206,788.4257207522339,329219.4575205065,699850.1170928301,1971064.3018805848
268143017,0,128,0.0,0.0,0.0,0.0,0.0,0.0,0.0,0.0
268143019,0,152,0.8274391025641026,0.4588235294117647,473.9913947548236,939.1411896338825,2742.5620371529412,1184978.486887059,2347852.974084706,6856405.092882353
268143020,0,107,0.9923306569343066,0.14574468085106382,110.7717187915149,233.70884562343826,670.4524212917021,276929.2969787872,584272.1140585956,1676131.0532292551
268143018/01,0,71,1.003934899328859,0.19973190348525469,101.0239361293405,213.88009629207508,612.6505586527721,252559.84032335124,534700.2407301877,1531626.3966319303
268143018/02,0,95,0.7297743589743592,0.08074534161490683,50.60248425440994,96.30877284438925,284.9904509068323,126506.21063602484,240771.93211097314,712476.1272670807
268143013,0,169,0.8619958083832336,0.1960093896713615,227.26534585428175,456.6268466061785,1328.1197482903758,568163.3646357043,1141567.1165154462,3320299.3707259395
268143026,0,45,0.0,0.0,0.0,0.0,0.0,0.0,0.0,0.0
268143014,0,72,1.219883652173913,0.5507662835249042,296.58309096110344,652.5727713611034,1798.8486962411037,741457.7274027586,1631431.9284027584,4497121.740602759
268143023,0,124,0.0,0.0,0.0,0.0,0.0,0.0,0.0,0.0
268143021,0,62,0.0,0.0,0.0,0.0,0.0,0.0,0.0,0.0
268110007,115,4,1.98809022556391,0.9708029197080292,1461.5070266704183,3704.80581898423,9297.489194705631,3653767.566676046,9262014.547460575,23243722.986764077
268110006,64,74,1.6540539278131636,0.897998093422307,1237.6012580471363,2957.8665882014043,7690.969947173484,3094003.1451178407,7394666.470503511,19227424.86793371
268110008,33,80,0.6214091324200913,0.2624850179784259,223.527040825695,399.0897366907872,1192.18196766024,558817.6020642375,997724.3417269681,2980454.9191505997
268110018,85,4,1.217147178329571,0.7286184210526315,809.5359230810526,1658.827618273415,4448.432535016445,2023839.8077026315,4147069.0456835376,11121081.337541113
268110015,37,61,1.0698762817897456,0.11779312112522627,105.26178956492497,218.14372448512563,609.0437071043689,263154.4739123124,545359.3112128141,1522609.2677609222
268110017,155,0,0.0,0.0,0.0,0.0,0.0,0.0,0.0,0.0
268110004,114,1,1.2742012987012987,0.8461538461538461,1243.886154810695,2575.21022415089,6846.222043096479,3109715.3870267374,6438025.560377225,17115555.107741196
268110016,105,10,0.30449866666666664,0.04337767495662233,40.00587442201625,54.53430255358339,178.33012284329476,100014.68605504063,136335.75638395848,445825.3071082369
268110005,2,91,1.3516351612903226,0.842391304347826,598.7372033609281,1364.0018599140226,3699.285266248814,1496843.0084023203,3410004.6497850562,9248213.165622035
268110002,0,84,1.0968176245210728,0.6726804123711341,411.16893374993816,885.6147784221031,2493.6484946390106,1027922.3343748454,2214036.9460552577,6234121.236597527
268110003,6,176,0.5839256983240223,0.21829268292682927,251.61321309819783,450.9157123864822,1371.0281411840597,629033.0327454946,1127289.2809662055,3427570.3529601493
268110019,85,6,0.6038847826086956,0.3898305084745763,361.1092317270925,620.5582213012368,1830.2544679630942,902773.0793177312,1551395.553253092,4575636.169907736
268110001,57,23,1.3039936559139784,0.9073170731707317,820.5927013153571,1739.3248434143077,4637.601884549755,2051481.7532883927,4348312.108535769,11594004.711374387
268115004,100,0,1.9330801444043324,0.8855498721227621,1136.081791518627,2834.7450172255485,7137.830013366845,2840204.4787965673,7086862.543063872,17844575.033417113
268115013,92,15,1.3755249045801525,0.8018362662586075,1036.940227615797,2228.8645171905328,5885.193114480776,2592350.569039493,5572161.292976332,14712982.786201939
268115014,97,3,1.6992736397748593,0.9735159817351599,1233.4540370985715,2895.5272036958686,7423.404633369213,3083635.0927464287,7238818.009239672,18558511.583423033
268115015,0,89,1.2708957545605308,0.8951900237529691,599.8163641033254,1335.3386855467936,3654.7500020055136,1499540.9102583136,3338346.713866984,9136875.005013784
268115012,0,66,0.5102713333333334,0.8771929824561403,346.9715726029474,603.1998423548072,1868.2871839789475,867428.9315073685,1507999.605887018,4670717.959947369
268115009,0,186,0.7050924,0.9881422924901185,1199.9734296690592,2263.4314431513676,6727.543754850592,2999933.574172648,5658578.607878419,16818859.38712648
268115003,86,1,1.49419940652819,1.0,1110.8321560752447,2458.057762726688,6408.123239463727,2777080.390188112,6145144.40681672,16020308.098659318
268115001,83,1,1.6700491400491402,1.0,1072.3448220261082,2494.871011833133,6409.2049378083375,2680862.0550652705,6237177.529582832,16023012.344520845
268115010,0,78,0.6901971428571428,0.5109489051094891,258.5699344663358,485.02515526703655,1445.5977641518248,646424.8361658395,1212562.8881675913,3613994.410379562
268115011,0,68,0.4559103174603175,0.8873239436619719,345.9246565149296,578.3724686131833,1823.6868627666481,864811.641287324,1445931.1715329583,4559217.15691662
268115007,107,3,1.1105461139896373,1.0,1344.8297489185895,2713.0385394955974,7414.636249620896,3362074.372296474,6782596.3487389935,18536590.624052238
268115006,18,106,0.8361501901140684,0.9460431654676259,877.6205317591246,1722.744331272675,4997.4850585935055,2194051.3293978116,4306860.828181688,12493712.646483764
268115008,0,111,0.9159761904761904,1.0,772.6860458914286,1585.3501283314286,4583.645369571428,1931715.1147285716,3963375.3208285714,11459113.42392857
268115002,82,4,1.8221504608294932,1.0,1082.101450676396,2628.443726928889,6677.03619164965,2705253.6266909903,6571109.3173222225,16692590.479124125
268115016,34,62,0.8986284090909091,0.08560311284046693,70.64787545828733,139.86308380576855,400.1535628695285,176619.68864571833,349657.7095144214,1000383.9071738212
268143024/01,1,70,0.5104708333333333,0.0215633423180593,9.263484244443543,16.08566896063883,49.78665211963828,23158.710611108858,40214.172401597076,124466.6302990957
268055003,145,0,0.0,0.0,0.0,0.0,0.0,0.0,0.0,0.0
268055001,53,38,0.0,0.0,0.0,0.0,0.0,0.0,0.0,0.0
268055002,104,2,0.0,0.0,0.0,0.0,0.0,0.0,0.0,0.0
268052010,97,35,0.0,0.0,0.0,0.0,0.0,0.0,0.0,0.0
268055005,117,0,0.0,0.0,0.0,0.0,0.0,0.0,0.0,0.0
268055004,137,0,0.0,0.0,0.0,0.0,0.0,0.0,0.0,0.0
268055009,98,0,0.0,0.0,0.0,0.0,0.0,0.0,0.0,0.0
268055007,88,0,0.0,0.0,0.0,0.0,0.0,0.0,0.0,0.0
268055008,127,0,0.0,0.0,0.0,0.0,0.0,0.0,0.0,0.0
268055006,89,0,0.0,0.0,0.0,0.0,0.0,0.0,0.0,0.0
268051007,133,0,0.0,0.0,0.0,0.0,0.0,0.0,0.0,0.0
268055010,119,0,0.0,0.0,0.0,0.0,0.0,0.0,0.0,0.0
268051006,89,6,0.0,0.0,0.0,0.0,0.0,0.0,0.0,0.0
268051012,90,0,0.0,0.0,0.0,0.0,0.0,0.0,0.0,0.0
268051011,72,0,0.0,0.0,0.0,0.0,0.0,0.0,0.0,0.0
268051008,113,0,0.0,0.0,0.0,0.0,0.0,0.0,0.0,0.0
268051010,128,0,0.0,0.0,0.0,0.0,0.0,0.0,0.0,0.0
268056010,136,10,0.0,0.0,0.0,0.0,0.0,0.0,0.0,0.0
268085012/268085001/02,34,75,0.0,0.0,0.0,0.0,0.0,0.0,0.0,0.0
268051009,11,57,0.0,0.0,0.0,0.0,0.0,0.0,0.0,0.0
268085008/02,31,64,0.0,0.0,0.0,0.0,0.0,0.0,0.0,0.0
268085018,133,0,0.0,0.0,0.0,0.0,0.0,0.0,0.0,0.0
268085011,40,75,0.0,0.0,0.0,0.0,0.0,0.0,0.0,0.0
268085016,137,0,0.0,0.0,0.0,0.0,0.0,0.0,0.0,0.0
268085009,17,122,0.0,0.0,0.0,0.0,0.0,0.0,0.0,0.0
268084006,33,50,0.0,0.0,0.0,0.0,0.0,0.0,0.0,0.0
268085005,62,15,0.0,0.0,0.0,0.0,0.0,0.0,0.0,0.0
268085010/02,52,117,0.0,0.0,0.0,0.0,0.0,0.0,0.0,0.0
268084003,86,0,0.0,0.0,0.0,0.0,0.0,0.0,0.0,0.0
268084008,53,82,0.0,0.0,0.0,0.0,0.0,0.0,0.0,0.0
268084004,5,133,0.0,0.0,0.0,0.0,0.0,0.0,0.0,0.0
268085014,99,0,0.0,0.0,0.0,0.0,0.0,0.0,0.0,0.0
268085010/01,15,34,0.0,0.0,0.0,0.0,0.0,0.0,0.0,0.0
268085008/01,48,20,0.0,0.0,0.0,0.0,0.0,0.0,0.0,0.0
268085015,81,0,0.0,0.0,0.0,0.0,0.0,0.0,0.0,0.0
268085017,86,22,0.0,0.0,0.0,0.0,0.0,0.0,0.0,0.0
267155003,100,1,0.0,0.0,0.0,0.0,0.0,0.0,0.0,0.0
267155006,9,59,0.0,0.0,0.0,0.0,0.0,0.0,0.0,0.0
268156008,106,4,0.0,0.0,0.0,0.0,0.0,0.0,0.0,0.0
268155002,107,4,0.0,0.0,0.0,0.0,0.0,0.0,0.0,0.0
268156001,93,2,0.0,0.0,0.0,0.0,0.0,0.0,0.0,0.0
268156010,84,0,0.0,0.0,0.0,0.0,0.0,0.0,0.0,0.0
268156009,66,8,0.0,0.0,0.0,0.0,0.0,0.0,0.0,0.0
268054004,85,56,0.0,0.0,0.0,0.0,0.0,0.0,0.0,0.0
268054005,68,1,0.0,0.0,0.0,0.0,0.0,0.0,0.0,0.0
268156011,52,48,0.0,0.0,0.0,0.0,0.0,0.0,0.0,0.0
268054002,84,0,0.0,0.0,0.0,0.0,0.0,0.0,0.0,0.0
268054006,85,0,0.0,0.0,0.0,0.0,0.0,0.0,0.0,0.0
268094002,70,2,0.0,0.0,0.0,0.0,0.0,0.0,0.0,0.0
268094001,92,0,0.0,0.0,0.0,0.0,0.0,0.0,0.0,0.0
268054003,116,1,0.0,0.0,0.0,0.0,0.0,0.0,0.0,0.0
268094013,137,0,0.0,0.0,0.0,0.0,0.0,0.0,0.0,0.0
268094006,116,23,0.0,0.0,0.0,0.0,0.0,0.0,0.0,0.0
267155001,41,46,0.0,0.0,0.0,0.0,0.0,0.0,0.0,0.0
267156009,87,0,0.0,0.0,0.0,0.0,0.0,0.0,0.0,0.0
267156008,121,0,0.0,0.0,0.0,0.0,0.0,0.0,0.0,0.0
267156001,86,0,0.0,0.0,0.0,0.0,0.0,0.0,0.0,0.0
267156010,78,7,0.0,0.0,0.0,0.0,0.0,0.0,0.0,0.0
267156002,97,0,0.0,0.0,0.0,0.0,0.0,0.0,0.0,0.0
267156007,100,1,0.0,0.0,0.0,0.0,0.0,0.0,0.0,0.0
267156003,81,1,0.0,0.0,0.0,0.0,0.0,0.0,0.0,0.0
268090004,116,0,0.0,0.0,0.0,0.0,0.0,0.0,0.0,0.0
268090002,109,4,0.0,0.0,0.0,0.0,0.0,0.0,0.0,0.0
268090006,88,0,0.0,0.0,0.0,0.0,0.0,0.0,0.0,0.0
268090007,78,1,0.0,0.0,0.0,0.0,0.0,0.0,0.0,0.0
268090003,83,0,0.0,0.0,0.0,0.0,0.0,0.0,0.0,0.0
268090001,129,0,0.0,0.0,0.0,0.0,0.0,0.0,0.0,0.0
268063011,123,0,0.0,0.0,0.0,0.0,0.0,0.0,0.0,0.0
268066005,91,0,0.0,0.0,0.0,0.0,0.0,0.0,0.0,0.0
268063010,82,0,0.0,0.0,0.0,0.0,0.0,0.0,0.0,0.0
268066006,104,0,0.0,0.0,0.0,0.0,0.0,0.0,0.0,0.0
268063007,71,0,0.0,0.0,0.0,0.0,0.0,0.0,0.0,0.0
268069008,102,0,0.0,0.0,0.0,0.0,0.0,0.0,0.0,0.0
268066008,93,0,0.0,0.0,0.0,0.0,0.0,0.0,0.0,0.0
268063008,104,0,0.0,0.0,0.0,0.0,0.0,0.0,0.0,0.0
268066009,76,0,0.0,0.0,0.0,0.0,0.0,0.0,0.0,0.0
268063005,106,0,0.0,0.0,0.0,0.0,0.0,0.0,0.0,0.0
268063009,115,1,0.0,0.0,0.0,0.0,0.0,0.0,0.0,0.0
268066011,75,19,0.0,0.0,0.0,0.0,0.0,0.0,0.0,0.0
268066010,97,0,0.0,0.0,0.0,0.0,0.0,0.0,0.0,0.0
268063006,75,0,0.0,0.0,0.0,0.0,0.0,0.0,0.0,0.0
268063004,104,0,0.0,0.0,0.0,0.0,0.0,0.0,0.0,0.0
268066004,96,0,0.0,0.0,0.0,0.0,0.0,0.0,0.0,0.0
268066003,90,0,0.0,0.0,0.0,0.0,0.0,0.0,0.0,0.0
268063012,80,0,0.0,0.0,0.0,0.0,0.0,0.0,0.0,0.0
268068009,86,0,0.0,0.0,0.0,0.0,0.0,0.0,0.0,0.0
268069009,105,0,0.0,0.0,0.0,0.0,0.0,0.0,0.0,0.0
268012003,134,0,0.0,0.0,0.0,0.0,0.0,0.0,0.0,0.0
268067015,124,0,0.0,0.0,0.0,0.0,0.0,0.0,0.0,0.0
268068008,98,0,0.0,0.0,0.0,0.0,0.0,0.0,0.0,0.0
268012009,0,96,0.0,0.0,0.0,0.0,0.0,0.0,0.0,0.0
268012004,110,0,0.0,0.0,0.0,0.0,0.0,0.0,0.0,0.0
268068006,106,5,0.0,0.0,0.0,0.0,0.0,0.0,0.0,0.0
268068007,89,0,0.0,0.0,0.0,0.0,0.0,0.0,0.0,0.0
268066001,98,0,0.0,0.0,0.0,0.0,0.0,0.0,0.0,0.0
268012011,93,0,0.0,0.0,0.0,0.0,0.0,0.0,0.0,0.0
268012005,85,0,0.0,0.0,0.0,0.0,0.0,0.0,0.0,0.0
268012012,128,29,0.0,0.0,0.0,0.0,0.0,0.0,0.0,0.0
268067013,60,68,0.0,0.0,0.0,0.0,0.0,0.0,0.0,0.0
268012006,84,27,0.0,0.0,0.0,0.0,0.0,0.0,0.0,0.0
268066002,114,0,0.0,0.0,0.0,0.0,0.0,0.0,0.0,0.0
268067014,84,5,0.0,0.0,0.0,0.0,0.0,0.0,0.0,0.0
268012007,78,0,0.0,0.0,0.0,0.0,0.0,0.0,0.0,0.0
268012008,115,1,0.0,0.0,0.0,0.0,0.0,0.0,0.0,0.0
268052009,121,5,0.0,0.0,0.0,0.0,0.0,0.0,0.0,0.0
268052004,104,0,0.0,0.0,0.0,0.0,0.0,0.0,0.0,0.0
268052008,98,6,0.0,0.0,0.0,0.0,0.0,0.0,0.0,0.0
268085007,94,0,0.0,0.0,0.0,0.0,0.0,0.0,0.0,0.0
268085006,63,18,0.0,0.0,0.0,0.0,0.0,0.0,0.0,0.0
268148001,74,49,0.0,0.0,0.0,0.0,0.0,0.0,0.0,0.0
268148003,42,75,0.0,0.0,0.0,0.0,0.0,0.0,0.0,0.0
268084005,29,104,0.0,0.0,0.0,0.0,0.0,0.0,0.0,0.0
268148002,52,81,0.0,0.0,0.0,0.0,0.0,0.0,0.0,0.0
268148009,0,106,0.0,0.0,0.0,0.0,0.0,0.0,0.0,0.0
268148008,0,164,0.0,0.0,0.0,0.0,0.0,0.0,0.0,0.0
268148007,2,94,0.0,0.0,0.0,0.0,0.0,0.0,0.0,0.0
268084007,0,177,0.0,0.0,0.0,0.0,0.0,0.0,0.0,0.0
268148011,0,108,0.0,0.0,0.0,0.0,0.0,0.0,0.0,0.0
268148010,10,85,0.46472857142857144,0.0016912297656438754,0.9946393485312786,1.660228428985875,5.1924337964312155,2486.598371328196,4150.571072464688,12981.084491078038
268148012,12,95,0.0,0.0,0.0,0.0,0.0,0.0,0.0,0.0
268148005,0,234,1.8312069148936168,0.25,440.42193000000003,1157.2275595787235,3008.521221880117,1101054.8250000002,2893068.8989468087,7521303.054700293
268153009,104,0,0.0,0.0,0.0,0.0,0.0,0.0,0.0,0.0
268153004,105,25,0.0,0.0,0.0,0.0,0.0,0.0,0.0,0.0
268153008,111,13,0.0,0.0,0.0,0.0,0.0,0.0,0.0,0.0
268152002,76,24,0.0,0.0,0.0,0.0,0.0,0.0,0.0,0.0
268153006,50,49,0.0,0.0,0.0,0.0,0.0,0.0,0.0,0.0
268153001,0,93,0.0,0.0,0.0,0.0,0.0,0.0,0.0,0.0
268153003,0,84,0.0,0.0,0.0,0.0,0.0,0.0,0.0,0.0
268153005,0,71,0.0,0.0,0.0,0.0,0.0,0.0,0.0,0.0
268153012,0,106,0.0,0.0,0.0,0.0,0.0,0.0,0.0,0.0
268152001,1,69,0.0,0.0,0.0,0.0,0.0,0.0,0.0,0.0
268153010,122,9,0.0,0.0,0.0,0.0,0.0,0.0,0.0,0.0
268152004,82,22,0.0,0.0,0.0,0.0,0.0,0.0,0.0,0.0
268151001,103,1,0.0,0.0,0.0,0.0,0.0,0.0,0.0,0.0
268151007,30,27,0.0,0.0,0.0,0.0,0.0,0.0,0.0,0.0
268151006,63,3,0.0,0.0,0.0,0.0,0.0,0.0,0.0,0.0
268152009,66,36,0.0,0.0,0.0,0.0,0.0,0.0,0.0,0.0
268152010,11,52,0.0,0.0,0.0,0.0,0.0,0.0,0.0,0.0
268152005,0,114,0.0,0.0,0.0,0.0,0.0,0.0,0.0,0.0
268152003,83,1,0.0,0.0,0.0,0.0,0.0,0.0,0.0,0.0
268151002,42,34,0.0,0.0,0.0,0.0,0.0,0.0,0.0,0.0
268153002,45,66,0.0,0.0,0.0,0.0,0.0,0.0,0.0,0.0
268153007,73,13,0.0,0.0,0.0,0.0,0.0,0.0,0.0,0.0
268153011,87,2,0.0,0.0,0.0,0.0,0.0,0.0,0.0,0.0
268152006,7,25,0.0,0.0,0.0,0.0,0.0,0.0,0.0,0.0
268151011,82,0,0.0,0.0,0.0,0.0,0.0,0.0,0.0,0.0
268150009,0,101,0.0,0.0,0.0,0.0,0.0,0.0,0.0,0.0
268151012,0,81,0.0,0.0,0.0,0.0,0.0,0.0,0.0,0.0
268151005,69,37,0.0,0.0,0.0,0.0,0.0,0.0,0.0,0.0
268151010,0,83,0.0,0.0,0.0,0.0,0.0,0.0,0.0,0.0
268151008,75,17,0.0,0.0,0.0,0.0,0.0,0.0,0.0,0.0
268150010,12,97,0.0,0.0,0.0,0.0,0.0,0.0,0.0,0.0
268151009,0,85,0.0,0.0,0.0,0.0,0.0,0.0,0.0,0.0
268054001,93,20,0.0,0.0,0.0,0.0,0.0,0.0,0.0,0.0
268052002,101,0,0.0,0.0,0.0,0.0,0.0,0.0,0.0,0.0
268052001,121,0,0.0,0.0,0.0,0.0,0.0,0.0,0.0,0.0
268052011,147,2,0.0,0.0,0.0,0.0,0.0,0.0,0.0,0.0
268054012/02,67,2,0.0,0.0,0.0,0.0,0.0,0.0,0.0,0.0
268054012/01,46,32,0.0,0.0,0.0,0.0,0.0,0.0,0.0,0.0
268052005,86,0,0.0,0.0,0.0,0.0,0.0,0.0,0.0,0.0
268091008,92,0,0.0,0.0,0.0,0.0,0.0,0.0,0.0,0.0
268091009,134,0,0.0,0.0,0.0,0.0,0.0,0.0,0.0,0.0
268091004,131,0,0.0,0.0,0.0,0.0,0.0,0.0,0.0,0.0
268054013,91,3,0.0,0.0,0.0,0.0,0.0,0.0,0.0,0.0
268054017,72,0,0.0,0.0,0.0,0.0,0.0,0.0,0.0,0.0
268091003,115,0,0.0,0.0,0.0,0.0,0.0,0.0,0.0,0.0
268052007,93,20,0.0,0.0,0.0,0.0,0.0,0.0,0.0,0.0
268052003,83,0,0.0,0.0,0.0,0.0,0.0,0.0,0.0,0.0
268054016,68,0,0.0,0.0,0.0,0.0,0.0,0.0,0.0,0.0
268054015,77,6,0.0,0.0,0.0,0.0,0.0,0.0,0.0,0.0
268054011,123,0,0.0,0.0,0.0,0.0,0.0,0.0,0.0,0.0
268091005,83,18,0.0,0.0,0.0,0.0,0.0,0.0,0.0,0.0
268054010,29,64,0.0,0.0,0.0,0.0,0.0,0.0,0.0,0.0
268054008,68,0,0.0,0.0,0.0,0.0,0.0,0.0,0.0,0.0
268091006,86,0,0.0,0.0,0.0,0.0,0.0,0.0,0.0,0.0
268054009,104,0,0.0,0.0,0.0,0.0,0.0,0.0,0.0,0.0
268052006,96,0,0.0,0.0,0.0,0.0,0.0,0.0,0.0,0.0
268091001,88,0,0.0,0.0,0.0,0.0,0.0,0.0,0.0,0.0
268054014,75,1,0.0,0.0,0.0,0.0,0.0,0.0,0.0,0.0
268091002,99,0,0.0,0.0,0.0,0.0,0.0,0.0,0.0,0.0
268054007,122,0,0.0,0.0,0.0,0.0,0.0,0.0,0.0,0.0
268091014,62,8,0.0,0.0,0.0,0.0,0.0,0.0,0.0,0.0
268091010,139,0,0.0,0.0,0.0,0.0,0.0,0.0,0.0,0.0
268053006,72,0,0.0,0.0,0.0,0.0,0.0,0.0,0.0,0.0
268053002,119,1,0.0,0.0,0.0,0.0,0.0,0.0,0.0,0.0
268053001,107,9,0.0,0.0,0.0,0.0,0.0,0.0,0.0,0.0
268053009,16,57,0.0,0.0,0.0,0.0,0.0,0.0,0.0,0.0
268053010,68,0,0.0,0.0,0.0,0.0,0.0,0.0,0.0,0.0
268090005,115,0,0.0,0.0,0.0,0.0,0.0,0.0,0.0,0.0
268152007,0,155,0.0,0.0,0.0,0.0,0.0,0.0,0.0,0.0
268068001,106,0,0.0,0.0,0.0,0.0,0.0,0.0,0.0,0.0
268033006,83,0,0.0,0.0,0.0,0.0,0.0,0.0,0.0,0.0
268068003,109,0,0.0,0.0,0.0,0.0,0.0,0.0,0.0,0.0
268068005,79,0,0.0,0.0,0.0,0.0,0.0,0.0,0.0,0.0
268068004,95,0,0.0,0.0,0.0,0.0,0.0,0.0,0.0,0.0
268068002,104,0,0.0,0.0,0.0,0.0,0.0,0.0,0.0,0.0
268033005,74,0,0.0,0.0,0.0,0.0,0.0,0.0,0.0,0.0
268067002,85,0,0.0,0.0,0.0,0.0,0.0,0.0,0.0,0.0
268033004,95,0,0.0,0.0,0.0,0.0,0.0,0.0,0.0,0.0
268067004,75,0,0.0,0.0,0.0,0.0,0.0,0.0,0.0,0.0
268033003,93,0,0.0,0.0,0.0,0.0,0.0,0.0,0.0,0.0
268033001,87,0,0.0,0.0,0.0,0.0,0.0,0.0,0.0,0.0
268067005,98,41,0.0,0.0,0.0,0.0,0.0,0.0,0.0,0.0
268033002,100,9,0.0,0.0,0.0,0.0,0.0,0.0,0.0,0.0
268067003,111,0,0.0,0.0,0.0,0.0,0.0,0.0,0.0,0.0
268030013,33,41,0.0,0.0,0.0,0.0,0.0,0.0,0.0,0.0
268067001,116,0,0.0,0.0,0.0,0.0,0.0,0.0,0.0,0.0
268067007,97,0,0.0,0.0,0.0,0.0,0.0,0.0,0.0,0.0
268067008,75,0,0.0,0.0,0.0,0.0,0.0,0.0,0.0,0.0
268067011,93,0,0.0,0.0,0.0,0.0,0.0,0.0,0.0,0.0
268067010,28,104,0.0,0.0,0.0,0.0,0.0,0.0,0.0,0.0
268067006,0,81,0.0,0.0,0.0,0.0,0.0,0.0,0.0,0.0
268067012,0,99,0.0,0.0,0.0,0.0,0.0,0.0,0.0,0.0
268012002,0,120,0.0,0.0,0.0,0.0,0.0,0.0,0.0,0.0
268030012,89,4,0.0,0.0,0.0,0.0,0.0,0.0,0.0,0.0
268067009,0,136,0.0,0.0,0.0,0.0,0.0,0.0,0.0,0.0
268012010,0,93,0.0,0.0,0.0,0.0,0.0,0.0,0.0,0.0
268030015,127,0,0.0,0.0,0.0,0.0,0.0,0.0,0.0,0.0
268030014,109,3,0.0,0.0,0.0,0.0,0.0,0.0,0.0,0.0
268012001,55,60,0.0,0.0,0.0,0.0,0.0,0.0,0.0,0.0
268027002,94,0,0.0,0.0,0.0,0.0,0.0,0.0,0.0,0.0
268014001,89,0,0.0,0.0,0.0,0.0,0.0,0.0,0.0,0.0
268014005,95,21,0.0,0.0,0.0,0.0,0.0,0.0,0.0,0.0
268014002,78,0,0.0,0.0,0.0,0.0,0.0,0.0,0.0,0.0
268014004,109,0,0.0,0.0,0.0,0.0,0.0,0.0,0.0,0.0
268006017,128,0,0.0,0.0,0.0,0.0,0.0,0.0,0.0,0.0
268031007,102,1,0.0,0.0,0.0,0.0,0.0,0.0,0.0,0.0
268034001,116,15,0.0,0.0,0.0,0.0,0.0,0.0,0.0,0.0
268034010,97,7,0.0,0.0,0.0,0.0,0.0,0.0,0.0,0.0
268034006,74,6,0.0,0.0,0.0,0.0,0.0,0.0,0.0,0.0
268034003,109,0,0.0,0.0,0.0,0.0,0.0,0.0,0.0,0.0
268034002,98,1,0.0,0.0,0.0,0.0,0.0,0.0,0.0,0.0
268034011,72,19,0.0,0.0,0.0,0.0,0.0,0.0,0.0,0.0
268034008,85,10,0.0,0.0,0.0,0.0,0.0,0.0,0.0,0.0
268034007,73,0,0.0,0.0,0.0,0.0,0.0,0.0,0.0,0.0
268034005,106,0,0.0,0.0,0.0,0.0,0.0,0.0,0.0,0.0
268034004,78,0,0.0,0.0,0.0,0.0,0.0,0.0,0.0,0.0
268034009,3,125,0.0,0.0,0.0,0.0,0.0,0.0,0.0,0.0
268006034/02,45,40,0.0,0.0,0.0,0.0,0.0,0.0,0.0,0.0
268006034/03,0,187,0.0,0.0,0.0,0.0,0.0,0.0,0.0,0.0
268146005,67,29,0.0,0.0,0.0,0.0,0.0,0.0,0.0,0.0
268146001,124,1,0.0,0.0,0.0,0.0,0.0,0.0,0.0,0.0
268146003,98,0,0.0,0.0,0.0,0.0,0.0,0.0,0.0,0.0
268127013,52,44,0.0,0.0,0.0,0.0,0.0,0.0,0.0,0.0
268146002,90,0,0.0,0.0,0.0,0.0,0.0,0.0,0.0,0.0
268145009,68,8,0.0,0.0,0.0,0.0,0.0,0.0,0.0,0.0
267150006,67,24,0.0,0.0,0.0,0.0,0.0,0.0,0.0,0.0
267150011,100,0,0.0,0.0,0.0,0.0,0.0,0.0,0.0,0.0
268145008,81,26,0.0,0.0,0.0,0.0,0.0,0.0,0.0,0.0
268136012,49,17,0.0,0.0,0.0,0.0,0.0,0.0,0.0,0.0
268145013,37,114,0.0,0.0,0.0,0.0,0.0,0.0,0.0,0.0
268136011,69,54,0.0,0.0,0.0,0.0,0.0,0.0,0.0,0.0
268145014,88,16,0.0,0.0,0.0,0.0,0.0,0.0,0.0,0.0
268145007,103,29,0.0,0.0,0.0,0.0,0.0,0.0,0.0,0.0
268145004,108,0,0.0,0.0,0.0,0.0,0.0,0.0,0.0,0.0
268145005,19,28,0.0,0.0,0.0,0.0,0.0,0.0,0.0,0.0
268094012,76,0,0.0,0.0,0.0,0.0,0.0,0.0,0.0,0.0
268145015,136,2,0.0,0.0,0.0,0.0,0.0,0.0,0.0,0.0
268136001,94,10,0.0,0.0,0.0,0.0,0.0,0.0,0.0,0.0
267150007,100,4,0.0,0.0,0.0,0.0,0.0,0.0,0.0,0.0
267156011,124,5,0.0,0.0,0.0,0.0,0.0,0.0,0.0,0.0
267043003,74,0,0.0,0.0,0.0,0.0,0.0,0.0,0.0,0.0
268135005,49,40,0.0,0.0,0.0,0.0,0.0,0.0,0.0,0.0
268127010/01,15,105,0.0,0.0,0.0,0.0,0.0,0.0,0.0,0.0
268127010/02,3,127,0.0,0.0,0.0,0.0,0.0,0.0,0.0,0.0
267056005/02,1,92,0.0,0.0,0.0,0.0,0.0,0.0,0.0,0.0
267056005/03,0,104,0.0,0.0,0.0,0.0,0.0,0.0,0.0,0.0
268145003,126,0,0.0,0.0,0.0,0.0,0.0,0.0,0.0,0.0
268145006,71,17,0.0,0.0,0.0,0.0,0.0,0.0,0.0,0.0
268094010,87,48,0.0,0.0,0.0,0.0,0.0,0.0,0.0,0.0
268145001,76,0,0.0,0.0,0.0,0.0,0.0,0.0,0.0,0.0
268094011,60,43,0.0,0.0,0.0,0.0,0.0,0.0,0.0,0.0
268145002,96,0,0.0,0.0,0.0,0.0,0.0,0.0,0.0,0.0
268145012,105,21,0.0,0.0,0.0,0.0,0.0,0.0,0.0,0.0
268093005,106,13,0.0,0.0,0.0,0.0,0.0,0.0,0.0,0.0
268093002,57,21,0.0,0.0,0.0,0.0,0.0,0.0,0.0,0.0
268093001,37,60,0.0,0.0,0.0,0.0,0.0,0.0,0.0,0.0
268094004,98,0,0.0,0.0,0.0,0.0,0.0,0.0,0.0,0.0
268145011,44,17,0.0,0.0,0.0,0.0,0.0,0.0,0.0,0.0
268094003,95,4,0.0,0.0,0.0,0.0,0.0,0.0,0.0,0.0
268144004,126,0,0.0,0.0,0.0,0.0,0.0,0.0,0.0,0.0
268145010,58,8,0.0,0.0,0.0,0.0,0.0,0.0,0.0,0.0
268144006,137,0,0.0,0.0,0.0,0.0,0.0,0.0,0.0,0.0
268144005,119,0,0.0,0.0,0.0,0.0,0.0,0.0,0.0,0.0
268094009,69,0,0.0,0.0,0.0,0.0,0.0,0.0,0.0,0.0
268144001,135,51,0.0,0.0,0.0,0.0,0.0,0.0,0.0,0.0
268093004,138,0,0.0,0.0,0.0,0.0,0.0,0.0,0.0,0.0
268144003,95,1,0.0,0.0,0.0,0.0,0.0,0.0,0.0,0.0
268093003,61,13,0.0,0.0,0.0,0.0,0.0,0.0,0.0,0.0
268094005,67,38,0.0,0.0,0.0,0.0,0.0,0.0,0.0,0.0
268094008,81,0,0.0,0.0,0.0,0.0,0.0,0.0,0.0,0.0
268144013,100,1,0.0,0.0,0.0,0.0,0.0,0.0,0.0,0.0
268094007,72,0,0.0,0.0,0.0,0.0,0.0,0.0,0.0,0.0
268144007,78,26,0.0,0.0,0.0,0.0,0.0,0.0,0.0,0.0
268144002,59,35,0.0,0.0,0.0,0.0,0.0,0.0,0.0,0.0
268094014,77,98,0.0,0.0,0.0,0.0,0.0,0.0,0.0,0.0
268093008,42,42,0.0,0.0,0.0,0.0,0.0,0.0,0.0,0.0
268093009,138,0,0.0,0.0,0.0,0.0,0.0,0.0,0.0,0.0
268093007,128,0,0.0,0.0,0.0,0.0,0.0,0.0,0.0,0.0
268093010,78,6,0.0,0.0,0.0,0.0,0.0,0.0,0.0,0.0
268093006,109,0,0.0,0.0,0.0,0.0,0.0,0.0,0.0,0.0
268092005,60,36,0.0,0.0,0.0,0.0,0.0,0.0,0.0,0.0
268136010,59,12,0.0,0.0,0.0,0.0,0.0,0.0,0.0,0.0
268136008,49,72,0.0,0.0,0.0,0.0,0.0,0.0,0.0,0.0
268136005,25,30,0.0,0.0,0.0,0.0,0.0,0.0,0.0,0.0
268091007,97,1,0.0,0.0,0.0,0.0,0.0,0.0,0.0,0.0
268091012,85,0,0.0,0.0,0.0,0.0,0.0,0.0,0.0,0.0
268091013,87,0,0.0,0.0,0.0,0.0,0.0,0.0,0.0,0.0
268135009,15,43,0.0,0.0,0.0,0.0,0.0,0.0,0.0,0.0
268135003,23,54,0.0,0.0,0.0,0.0,0.0,0.0,0.0,0.0
268135004,30,65,0.0,0.0,0.0,0.0,0.0,0.0,0.0,0.0
268135013,13,57,0.0,0.0,0.0,0.0,0.0,0.0,0.0,0.0
268135002,34,34,0.0,0.0,0.0,0.0,0.0,0.0,0.0,0.0
268148004/04,2,115,0.0,0.0,0.0,0.0,0.0,0.0,0.0,0.0
268148004/01,15,205,0.7263149999999999,0.0073964497041420114,11.209445768492078,21.18084895457597,62.54038140259699,28023.614421230195,52952.12238643993,156350.9535064925
268148004/05,41,77,0.0,0.0,0.0,0.0,0.0,0.0,0.0,0.0
268148004/03,0,219,0.9628333333333333,0.017716535433070866,27.346853206062992,57.090990567401576,164.26150655314962,68367.13301515748,142727.47641850394,410653.76638287405
268118003,0,110,0.6474333333333333,0.07397260273972603,51.83528690367123,95.6408656852603,287.40789433972606,129588.21725917808,239102.16421315074,718519.7358493152
268035009,104,0,0.0,0.0,0.0,0.0,0.0,0.0,0.0,0.0
268035012,77,0,0.0,0.0,0.0,0.0,0.0,0.0,0.0,0.0
268118004,0,92,0.7405363636363637,0.023076923076923078,14.068262991977624,26.878099901471334,79.38602819076924,35170.657479944064,67195.24975367833,198465.0704769231
268035005,89,0,0.0,0.0,0.0,0.0,0.0,0.0,0.0,0.0
268035010,71,0,0.0,0.0,0.0,0.0,0.0,0.0,0.0,0.0
268148006,0,85,2.5016000000000003,0.23010546500479387,147.25122914669222,444.3849627612657,1131.7721562569511,368128.07286673057,1110962.4069031642,2829430.390642378
268035004,63,46,0.0,0.0,0.0,0.0,0.0,0.0,0.0,0.0
268035006,82,0,0.0,0.0,0.0,0.0,0.0,0.0,0.0,0.0
268035008,104,0,0.0,0.0,0.0,0.0,0.0,0.0,0.0,0.0
268004012,3,51,0.0,0.0,0.0,0.0,0.0,0.0,0.0,0.0
268035001,83,0,0.0,0.0,0.0,0.0,0.0,0.0,0.0,0.0
268004005,90,0,0.0,0.0,0.0,0.0,0.0,0.0,0.0,0.0
268036001,14,15,0.0,0.0,0.0,0.0,0.0,0.0,0.0,0.0
268036007/01,70,9,0.0,0.0,0.0,0.0,0.0,0.0,0.0,0.0
268036012,73,0,0.0,0.0,0.0,0.0,0.0,0.0,0.0,0.0
268036006,86,0,0.0,0.0,0.0,0.0,0.0,0.0,0.0,0.0
268036011,68,0,0.0,0.0,0.0,0.0,0.0,0.0,0.0,0.0
268036009,0,104,0.0,0.0,0.0,0.0,0.0,0.0,0.0,0.0
268036008,35,75,0.0,0.0,0.0,0.0,0.0,0.0,0.0,0.0
268032018,0,130,0.0,0.0,0.0,0.0,0.0,0.0,0.0,0.0
268032001,121,0,0.0,0.0,0.0,0.0,0.0,0.0,0.0,0.0
268036005,87,0,0.0,0.0,0.0,0.0,0.0,0.0,0.0,0.0
268036002,95,0,0.0,0.0,0.0,0.0,0.0,0.0,0.0,0.0
268036003,91,0,0.0,0.0,0.0,0.0,0.0,0.0,0.0,0.0
268036004,74,0,0.0,0.0,0.0,0.0,0.0,0.0,0.0,0.0
268036007/02,88,1,0.0,0.0,0.0,0.0,0.0,0.0,0.0,0.0
268036010,71,0,0.0,0.0,0.0,0.0,0.0,0.0,0.0,0.0
268118005,0,81,0.6389372413793104,0.12184873949579832,62.64295729375463,115.19135791665884,346.7459780939496,156607.39323438657,287978.3947916471,866864.9452348739
268118006,0,56,0.9298782608695652,0.45098039215686275,176.45591756800002,363.93867220831373,1050.6875728313726,441139.79392,909846.6805207843,2626718.9320784314
268003012,0,86,0.440948172757475,0.06764044943820224,32.89239628487191,54.31204489721528,172.23052334276315,82230.99071217977,135780.1122430382,430576.30835690786
268004009,31,34,0.0,0.0,0.0,0.0,0.0,0.0,0.0,0.0
268004010,102,54,0.0,0.0,0.0,0.0,0.0,0.0,0.0,0.0
268004007,47,31,0.0,0.0,0.0,0.0,0.0,0.0,0.0,0.0
268004004,82,0,0.0,0.0,0.0,0.0,0.0,0.0,0.0,0.0
268005001,88,1,0.0,0.0,0.0,0.0,0.0,0.0,0.0,0.0
268002019,0,100,0.0,0.0,0.0,0.0,0.0,0.0,0.0,0.0
268005002,90,0,0.0,0.0,0.0,0.0,0.0,0.0,0.0,0.0
268004001,125,0,0.0,0.0,0.0,0.0,0.0,0.0,0.0,0.0
268004002/268004008,115,1,0.0,0.0,0.0,0.0,0.0,0.0,0.0,0.0
268004006,117,0,0.0,0.0,0.0,0.0,0.0,0.0,0.0,0.0
268005005,77,0,0.0,0.0,0.0,0.0,0.0,0.0,0.0,0.0
268005010,101,0,0.0,0.0,0.0,0.0,0.0,0.0,0.0,0.0
268004011,0,83,0.0,0.0,0.0,0.0,0.0,0.0,0.0,0.0
268004003,133,0,0.0,0.0,0.0,0.0,0.0,0.0,0.0,0.0
268005009,89,0,0.0,0.0,0.0,0.0,0.0,0.0,0.0,0.0
268004014/268004015,2,132,0.0,0.0,0.0,0.0,0.0,0.0,0.0,0.0
268032017,7,68,0.0,0.0,0.0,0.0,0.0,0.0,0.0,0.0
268004016/268004017,27,55,0.0,0.0,0.0,0.0,0.0,0.0,0.0,0.0
268005011,83,5,0.0,0.0,0.0,0.0,0.0,0.0,0.0,0.0
268005012,48,55,0.0,0.0,0.0,0.0,0.0,0.0,0.0,0.0
268005014,70,40,0.0,0.0,0.0,0.0,0.0,0.0,0.0,0.0
268005015,4,72,0.0,0.0,0.0,0.0,0.0,0.0,0.0,0.0
268002004,69,7,0.0,0.0,0.0,0.0,0.0,0.0,0.0,0.0
268005017,73,5,0.0,0.0,0.0,0.0,0.0,0.0,0.0,0.0
268032011,5,97,0.0,0.0,0.0,0.0,0.0,0.0,0.0,0.0
268032010,7,29,0.0,0.0,0.0,0.0,0.0,0.0,0.0,0.0
268005006,108,0,0.0,0.0,0.0,0.0,0.0,0.0,0.0,0.0
268005007,88,0,0.0,0.0,0.0,0.0,0.0,0.0,0.0,0.0
268002003,73,51,0.0,0.0,0.0,0.0,0.0,0.0,0.0,0.0
268005004,123,5,0.0,0.0,0.0,0.0,0.0,0.0,0.0,0.0
268005003,57,89,0.0,0.0,0.0,0.0,0.0,0.0,0.0,0.0
268005013,13,65,0.0,0.0,0.0,0.0,0.0,0.0,0.0,0.0
268005008,70,59,0.0,0.0,0.0,0.0,0.0,0.0,0.0,0.0
268002002,107,0,0.0,0.0,0.0,0.0,0.0,0.0,0.0,0.0
268002009,1,5,0.0,0.0,0.0,0.0,0.0,0.0,0.0,0.0
268005016,24,44,0.0,0.0,0.0,0.0,0.0,0.0,0.0,0.0
268032016,10,116,0.0,0.0,0.0,0.0,0.0,0.0,0.0,0.0
268032008,26,116,0.0,0.0,0.0,0.0,0.0,0.0,0.0,0.0
268137006,45,63,0.0,0.0,0.0,0.0,0.0,0.0,0.0,0.0
268144008,114,0,0.0,0.0,0.0,0.0,0.0,0.0,0.0,0.0
268144012,67,19,0.0,0.0,0.0,0.0,0.0,0.0,0.0,0.0
268144010,73,14,0.0,0.0,0.0,0.0,0.0,0.0,0.0,0.0
268137001,87,57,0.0,0.0,0.0,0.0,0.0,0.0,0.0,0.0
268144009,48,58,0.0,0.0,0.0,0.0,0.0,0.0,0.0,0.0
268137002,69,43,0.0,0.0,0.0,0.0,0.0,0.0,0.0,0.0
268092006,47,52,0.0,0.0,0.0,0.0,0.0,0.0,0.0,0.0
268144011,98,20,0.0,0.0,0.0,0.0,0.0,0.0,0.0,0.0
268092008/02,30,98,0.0,0.0,0.0,0.0,0.0,0.0,0.0,0.0
268137008,39,38,0.0,0.0,0.0,0.0,0.0,0.0,0.0,0.0
268091011,107,13,0.0,0.0,0.0,0.0,0.0,0.0,0.0,0.0
268092004,77,0,0.0,0.0,0.0,0.0,0.0,0.0,0.0,0.0
268137009,84,0,0.0,0.0,0.0,0.0,0.0,0.0,0.0,0.0
268144014,37,38,0.0,0.0,0.0,0.0,0.0,0.0,0.0,0.0
268144015,48,20,0.0,0.0,0.0,0.0,0.0,0.0,0.0,0.0
268132007,51,26,0.0,0.0,0.0,0.0,0.0,0.0,0.0,0.0
268132006,23,54,0.0,0.0,0.0,0.0,0.0,0.0,0.0,0.0
268092012,62,32,0.0,0.0,0.0,0.0,0.0,0.0,0.0,0.0
268132009,13,42,0.0,0.0,0.0,0.0,0.0,0.0,0.0,0.0
268092009,30,36,0.0,0.0,0.0,0.0,0.0,0.0,0.0,0.0
268132008,53,65,0.0,0.0,0.0,0.0,0.0,0.0,0.0,0.0
268092007,83,0,0.0,0.0,0.0,0.0,0.0,0.0,0.0,0.0
268092010,48,43,0.0,0.0,0.0,0.0,0.0,0.0,0.0,0.0
268132001,23,97,0.0,0.0,0.0,0.0,0.0,0.0,0.0,0.0
268092011,2,96,0.0,0.0,0.0,0.0,0.0,0.0,0.0,0.0
268092003,126,0,0.0,0.0,0.0,0.0,0.0,0.0,0.0,0.0
268132020,1,112,0.0,0.0,0.0,0.0,0.0,0.0,0.0,0.0
268132002,135,0,0.0,0.0,0.0,0.0,0.0,0.0,0.0,0.0
268132003/01,19,91,0.0,0.0,0.0,0.0,0.0,0.0,0.0,0.0
268132022,121,0,0.0,0.0,0.0,0.0,0.0,0.0,0.0,0.0
268053004,129,0,0.0,0.0,0.0,0.0,0.0,0.0,0.0,0.0
268132023,69,31,0.0,0.0,0.0,0.0,0.0,0.0,0.0,0.0
268092001,82,9,0.0,0.0,0.0,0.0,0.0,0.0,0.0,0.0
268102007,0,0,0.0,0.0,0.0,0.0,0.0,0.0,0.0,0.0
268092008/01,92,0,0.0,0.0,0.0,0.0,0.0,0.0,0.0,0.0
268092008/03,0,107,0.0,0.0,0.0,0.0,0.0,0.0,0.0,0.0
268132003/02,34,136,0.0,0.0,0.0,0.0,0.0,0.0,0.0,0.0
268014010,82,0,0.0,0.0,0.0,0.0,0.0,0.0,0.0,0.0
268014009,85,0,0.0,0.0,0.0,0.0,0.0,0.0,0.0,0.0
268013008,71,1,0.0,0.0,0.0,0.0,0.0,0.0,0.0,0.0
268013007,46,25,0.0,0.0,0.0,0.0,0.0,0.0,0.0,0.0
268014008,78,0,0.0,0.0,0.0,0.0,0.0,0.0,0.0,0.0
268011007,92,0,0.0,0.0,0.0,0.0,0.0,0.0,0.0,0.0
268011013,136,0,0.0,0.0,0.0,0.0,0.0,0.0,0.0,0.0
268013006,80,34,0.0,0.0,0.0,0.0,0.0,0.0,0.0,0.0
268011006,92,0,0.0,0.0,0.0,0.0,0.0,0.0,0.0,0.0
268011009,99,0,0.0,0.0,0.0,0.0,0.0,0.0,0.0,0.0
268011011,90,0,0.0,0.0,0.0,0.0,0.0,0.0,0.0,0.0
268013005,79,3,0.0,0.0,0.0,0.0,0.0,0.0,0.0,0.0
268011008,147,0,0.0,0.0,0.0,0.0,0.0,0.0,0.0,0.0
268011005,109,0,0.0,0.0,0.0,0.0,0.0,0.0,0.0,0.0
268011004,91,0,0.0,0.0,0.0,0.0,0.0,0.0,0.0,0.0
268013004,92,0,0.0,0.0,0.0,0.0,0.0,0.0,0.0,0.0
268011003,102,0,0.0,0.0,0.0,0.0,0.0,0.0,0.0,0.0
268013003,73,25,0.0,0.0,0.0,0.0,0.0,0.0,0.0,0.0
268013001,87,0,0.0,0.0,0.0,0.0,0.0,0.0,0.0,0.0
268011002,73,6,0.0,0.0,0.0,0.0,0.0,0.0,0.0,0.0
268013002,89,0,0.0,0.0,0.0,0.0,0.0,0.0,0.0,0.0
268019001,87,0,0.0,0.0,0.0,0.0,0.0,0.0,0.0,0.0
268015001,96,31,0.0,0.0,0.0,0.0,0.0,0.0,0.0,0.0
268015006/268015015,0,80,0.0,0.0,0.0,0.0,0.0,0.0,0.0,0.0
268018006,96,1,0.0,0.0,0.0,0.0,0.0,0.0,0.0,0.0
268015004,83,23,0.0,0.0,0.0,0.0,0.0,0.0,0.0,0.0
268016011/268016012/268016013,110,67,0.0,0.0,0.0,0.0,0.0,0.0,0.0,0.0
268018001,74,0,0.0,0.0,0.0,0.0,0.0,0.0,0.0,0.0
268015002,109,3,0.0,0.0,0.0,0.0,0.0,0.0,0.0,0.0
268015016,6,53,0.0,0.0,0.0,0.0,0.0,0.0,0.0,0.0
268016008/01,154,29,0.0,0.0,0.0,0.0,0.0,0.0,0.0,0.0
268016006,86,12,0.0,0.0,0.0,0.0,0.0,0.0,0.0,0.0
268015003,147,4,0.0,0.0,0.0,0.0,0.0,0.0,0.0,0.0
268016007,70,0,0.0,0.0,0.0,0.0,0.0,0.0,0.0,0.0
268016008/02,31,1,0.0,0.0,0.0,0.0,0.0,0.0,0.0,0.0
268016016/268016017,0,76,0.0,0.0,0.0,0.0,0.0,0.0,0.0,0.0
268016004,114,6,0.0,0.0,0.0,0.0,0.0,0.0,0.0,0.0
268016005,79,0,0.0,0.0,0.0,0.0,0.0,0.0,0.0,0.0
268015008,97,0,0.0,0.0,0.0,0.0,0.0,0.0,0.0,0.0
268016015/268016018,0,120,0.0,0.0,0.0,0.0,0.0,0.0,0.0,0.0
268082001,60,45,0.6553213333333334,0.02973830293417922,27.625667702691672,49.2108174204143,144.87008603278414,69064.16925672918,123027.04355103575,362175.21508196037
268106002,8,83,0.48346857142857147,0.046235138705416116,26.19897986525917,44.435130398925054,138.1786793802623,65497.44966314792,111087.82599731264,345446.6984506558
268003015,17,76,0.5288754385964912,0.037157757496740544,23.460722354617918,40.54155945916565,124.0391195056028,58651.8058865448,101353.89864791412,310097.798764007
268003017,3,99,0.28012,0.010395010395010396,5.201653545618832,7.188015144434665,24.748495013868524,13004.13386404708,17970.037861086665,61871.23753467131
268003016,0,96,0.0,0.0,0.0,0.0,0.0,0.0,0.0,0.0
268003019,0,168,0.0,0.0,0.0,0.0,0.0,0.0,0.0,0.0
268082010,0,103,0.0,0.0,0.0,0.0,0.0,0.0,0.0,0.0
268003013/268003018,19,130,0.0,0.0,0.0,0.0,0.0,0.0,0.0,0.0
268003008,0,77,0.0,0.0,0.0,0.0,0.0,0.0,0.0,0.0
268003009,14,135,0.0,0.0,0.0,0.0,0.0,0.0,0.0,0.0
268003010,42,81,0.0,0.0,0.0,0.0,0.0,0.0,0.0,0.0
268106003,0,94,0.0,0.0,0.0,0.0,0.0,0.0,0.0,0.0
268106004,0,96,0.0,0.0,0.0,0.0,0.0,0.0,0.0,0.0
268139006,2,76,0.0,0.0,0.0,0.0,0.0,0.0,0.0,0.0
268139005,2,103,0.0,0.0,0.0,0.0,0.0,0.0,0.0,0.0
268002008,49,4,0.0,0.0,0.0,0.0,0.0,0.0,0.0,0.0
268082012,5,79,0.0,0.0,0.0,0.0,0.0,0.0,0.0,0.0
268081014,6,57,0.0,0.0,0.0,0.0,0.0,0.0,0.0,0.0
268081010,45,25,0.0,0.0,0.0,0.0,0.0,0.0,0.0,0.0
268081011,22,79,0.0,0.0,0.0,0.0,0.0,0.0,0.0,0.0
268081016,8,79,0.0,0.0,0.0,0.0,0.0,0.0,0.0,0.0
268081017,21,63,0.0,0.0,0.0,0.0,0.0,0.0,0.0,0.0
268081005,0,131,0.0,0.0,0.0,0.0,0.0,0.0,0.0,0.0
268081004,104,24,0.0,0.0,0.0,0.0,0.0,0.0,0.0,0.0
268081003,99,56,0.0,0.0,0.0,0.0,0.0,0.0,0.0,0.0
268030021,8,76,0.0,0.0,0.0,0.0,0.0,0.0,0.0,0.0
268081002,72,21,0.0,0.0,0.0,0.0,0.0,0.0,0.0,0.0
268002016,3,70,0.0,0.0,0.0,0.0,0.0,0.0,0.0,0.0
268002013,24,30,0.0,0.0,0.0,0.0,0.0,0.0,0.0,0.0
268081018,58,43,0.0,0.0,0.0,0.0,0.0,0.0,0.0,0.0
268081009,105,0,0.0,0.0,0.0,0.0,0.0,0.0,0.0,0.0
268081008,8,128,0.0,0.0,0.0,0.0,0.0,0.0,0.0,0.0
268081007,1,149,0.0,0.0,0.0,0.0,0.0,0.0,0.0,0.0
268032014,5,89,0.0,0.0,0.0,0.0,0.0,0.0,0.0,0.0
268032015,40,33,0.0,0.0,0.0,0.0,0.0,0.0,0.0,0.0
268002020,1,80,0.0,0.0,0.0,0.0,0.0,0.0,0.0,0.0
268002010,14,74,0.0,0.0,0.0,0.0,0.0,0.0,0.0,0.0
268139003,0,138,0.0,0.0,0.0,0.0,0.0,0.0,0.0,0.0
268081013,20,10,0.0,0.0,0.0,0.0,0.0,0.0,0.0,0.0
268081012,63,57,0.0,0.0,0.0,0.0,0.0,0.0,0.0,0.0
268082002,24,102,0.0,0.0,0.0,0.0,0.0,0.0,0.0,0.0
268082011,11,42,0.0,0.0,0.0,0.0,0.0,0.0,0.0,0.0
268082013,7,109,0.0,0.0,0.0,0.0,0.0,0.0,0.0,0.0
268139004,0,119,0.0,0.0,0.0,0.0,0.0,0.0,0.0,0.0
268139007/268139008,0,117,0.0,0.0,0.0,0.0,0.0,0.0,0.0,0.0
268081001,10,62,0.0,0.0,0.0,0.0,0.0,0.0,0.0,0.0
268082005,4,39,0.0,0.0,0.0,0.0,0.0,0.0,0.0,0.0
268002005,70,54,0.0,0.0,0.0,0.0,0.0,0.0,0.0,0.0
268003001,0,154,0.0,0.0,0.0,0.0,0.0,0.0,0.0,0.0
268003002,0,93,0.0,0.0,0.0,0.0,0.0,0.0,0.0,0.0
268030017,1,3,0.0,0.0,0.0,0.0,0.0,0.0,0.0,0.0
268030011,33,48,0.0,0.0,0.0,0.0,0.0,0.0,0.0,0.0
268030020,11,56,0.0,0.0,0.0,0.0,0.0,0.0,0.0,0.0
268003011,45,57,0.0,0.0,0.0,0.0,0.0,0.0,0.0,0.0
268003004,0,31,0.0,0.0,0.0,0.0,0.0,0.0,0.0,0.0
268030018,10,69,0.0,0.0,0.0,0.0,0.0,0.0,0.0,0.0
268003007,0,100,0.4421380952380953,0.0430327868852459,24.35960579508197,40.26339708360657,127.62141438852461,60899.014487704924,100658.49270901643,319053.53597131156
268030019,21,49,0.0,0.0,0.0,0.0,0.0,0.0,0.0,0.0
268003003,13,74,0.0,0.0,0.0,0.0,0.0,0.0,0.0,0.0
268030009,2,67,0.0,0.0,0.0,0.0,0.0,0.0,0.0,0.0
268030023,55,19,0.0,0.0,0.0,0.0,0.0,0.0,0.0,0.0
268030026,86,48,0.0,0.0,0.0,0.0,0.0,0.0,0.0,0.0
268030022,48,18,0.0,0.0,0.0,0.0,0.0,0.0,0.0,0.0
268030008,38,107,0.0,0.0,0.0,0.0,0.0,0.0,0.0,0.0
268030007,46,68,0.0,0.0,0.0,0.0,0.0,0.0,0.0,0.0
268003006,0,94,1.6766398907103826,0.5980392156862745,423.224291372549,1065.188444067974,2805.4229273871633,1058060.7284313724,2662971.110169935,7013557.318467909
268003014,0,75,0.0,0.0,0.0,0.0,0.0,0.0,0.0,0.0
268003005,0,120,0.0,0.0,0.0,0.0,0.0,0.0,0.0,0.0
268002011,0,49,0.0,0.0,0.0,0.0,0.0,0.0,0.0,0.0
268001005,26,54,0.0,0.0,0.0,0.0,0.0,0.0,0.0,0.0
268002018,0,94,0.0,0.0,0.0,0.0,0.0,0.0,0.0,0.0
268002017,3,92,0.0,0.0,0.0,0.0,0.0,0.0,0.0,0.0
268002006,0,102,0.0,0.0,0.0,0.0,0.0,0.0,0.0,0.0
268082009,78,0,0.0,0.0,0.0,0.0,0.0,0.0,0.0,0.0
268002014,2,68,0.0,0.0,0.0,0.0,0.0,0.0,0.0,0.0
268002015,0,136,0.0,0.0,0.0,0.0,0.0,0.0,0.0,0.0
268082004,0,80,0.0,0.0,0.0,0.0,0.0,0.0,0.0,0.0
268082008,47,21,0.0,0.0,0.0,0.0,0.0,0.0,0.0,0.0
268002001,0,90,0.0,0.0,0.0,0.0,0.0,0.0,0.0,0.0
268001006,37,67,0.0,0.0,0.0,0.0,0.0,0.0,0.0,0.0
268001004,57,4,0.0,0.0,0.0,0.0,0.0,0.0,0.0,0.0
268001001,86,1,0.0,0.0,0.0,0.0,0.0,0.0,0.0,0.0
268001007,73,46,0.0,0.0,0.0,0.0,0.0,0.0,0.0,0.0
268001002,98,24,0.0,0.0,0.0,0.0,0.0,0.0,0.0,0.0
268001003,99,24,0.0,0.0,0.0,0.0,0.0,0.0,0.0,0.0
268082003,0,85,0.0,0.0,0.0,0.0,0.0,0.0,0.0,0.0
268002007,0,100,0.0,0.0,0.0,0.0,0.0,0.0,0.0,0.0
268082006,85,42,0.0,0.0,0.0,0.0,0.0,0.0,0.0,0.0
268082007,19,61,0.0,0.0,0.0,0.0,0.0,0.0,0.0,0.0
268053008,74,0,0.0,0.0,0.0,0.0,0.0,0.0,0.0,0.0
268151003,50,66,0.0,0.0,0.0,0.0,0.0,0.0,0.0,0.0
268103002,105,31,0.0,0.0,0.0,0.0,0.0,0.0,0.0,0.0
268151004,0,97,0.0,0.0,0.0,0.0,0.0,0.0,0.0,0.0
268150001,65,76,0.0,0.0,0.0,0.0,0.0,0.0,0.0,0.0
268103001,113,38,0.0,0.0,0.0,0.0,0.0,0.0,0.0,0.0
268053005,86,0,0.0,0.0,0.0,0.0,0.0,0.0,0.0,0.0
268053007,40,88,0.0,0.0,0.0,0.0,0.0,0.0,0.0,0.0
268053003,77,0,0.0,0.0,0.0,0.0,0.0,0.0,0.0,0.0
268103010,3,124,0.0,0.0,0.0,0.0,0.0,0.0,0.0,0.0
268103003,37,17,0.0,0.0,0.0,0.0,0.0,0.0,0.0,0.0
268103009,86,68,0.0,0.0,0.0,0.0,0.0,0.0,0.0,0.0
268092002,76,15,0.0,0.0,0.0,0.0,0.0,0.0,0.0,0.0
268101005,82,28,0.0,0.0,0.0,0.0,0.0,0.0,0.0,0.0
268102002,43,107,0.0,0.0,0.0,0.0,0.0,0.0,0.0,0.0
268101001,97,0,0.0,0.0,0.0,0.0,0.0,0.0,0.0,0.0
268101006,86,16,0.0,0.0,0.0,0.0,0.0,0.0,0.0,0.0
268101003,76,0,0.0,0.0,0.0,0.0,0.0,0.0,0.0,0.0
268101002,122,0,0.0,0.0,0.0,0.0,0.0,0.0,0.0,0.0
268102003,0,0,0.0,0.0,0.0,0.0,0.0,0.0,0.0,0.0
268101004,92,0,0.0,0.0,0.0,0.0,0.0,0.0,0.0,0.0
268102006,74,14,0.0,0.0,0.0,0.0,0.0,0.0,0.0,0.0
268101009,103,4,0.0,0.0,0.0,0.0,0.0,0.0,0.0,0.0
268102005,67,4,0.0,0.0,0.0,0.0,0.0,0.0,0.0,0.0
268092013,34,91,0.0,0.0,0.0,0.0,0.0,0.0,0.0,0.0
268101008,123,0,0.0,0.0,0.0,0.0,0.0,0.0,0.0,0.0
268102009,95,34,0.0,0.0,0.0,0.0,0.0,0.0,0.0,0.0
268102008,55,37,0.0,0.0,0.0,0.0,0.0,0.0,0.0,0.0
268103004,121,3,0.0,0.0,0.0,0.0,0.0,0.0,0.0,0.0
268102001,40,53,0.0,0.0,0.0,0.0,0.0,0.0,0.0,0.0
268150003,113,0,0.0,0.0,0.0,0.0,0.0,0.0,0.0,0.0
268149001,0,66,0.5391074534161492,0.06761864762704746,27.100282488675354,47.75030583655945,146.8797392119278,67750.70622168838,119375.76459139862,367199.34802981955
268150002,126,0,0.0,0.0,0.0,0.0,0.0,0.0,0.0,0.0
268150011,62,62,0.0,0.0,0.0,0.0,0.0,0.0,0.0,0.0
268150015,2,97,0.0,0.0,0.0,0.0,0.0,0.0,0.0,0.0
268150012,34,91,0.0,0.0,0.0,0.0,0.0,0.0,0.0,0.0
268100004,28,82,0.0,0.0,0.0,0.0,0.0,0.0,0.0,0.0
268100005,0,80,0.0,0.0,0.0,0.0,0.0,0.0,0.0,0.0
268149008,0,88,0.0,0.0,0.0,0.0,0.0,0.0,0.0,0.0
268149005,0,110,0.0,0.0,0.0,0.0,0.0,0.0,0.0,0.0
268149004,0,65,0.0,0.0,0.0,0.0,0.0,0.0,0.0,0.0
268149003,0,101,0.6345823529411764,0.038288288288288286,24.498150988216217,44.96981870816216,135.48576570225225,61245.377470540545,112424.5467704054,338714.41425563063
268149006,0,126,0.0,0.0,0.0,0.0,0.0,0.0,0.0,0.0
268150016,0,70,0.0,0.0,0.0,0.0,0.0,0.0,0.0,0.0
268149007,0,82,0.0,0.0,0.0,0.0,0.0,0.0,0.0,0.0
268149002,0,66,0.8072111111111111,0.03578528827037773,15.96314512928827,31.364108718441354,91.8159841860835,39907.862823220676,78410.27179610339,229539.96046520874
268100002,28,55,0.0,0.0,0.0,0.0,0.0,0.0,0.0,0.0
268100006,85,3,0.0,0.0,0.0,0.0,0.0,0.0,0.0,0.0
268150004,8,78,0.0,0.0,0.0,0.0,0.0,0.0,0.0,0.0
268150006,0,116,0.0,0.0,0.0,0.0,0.0,0.0,0.0,0.0
268150005,15,71,0.0,0.0,0.0,0.0,0.0,0.0,0.0,0.0
268150013,24,115,0.0,0.0,0.0,0.0,0.0,0.0,0.0,0.0
268150014,0,107,0.0,0.0,0.0,0.0,0.0,0.0,0.0,0.0
268099003,0,69,0.0,0.0,0.0,0.0,0.0,0.0,0.0,0.0
268150017,0,74,0.0,0.0,0.0,0.0,0.0,0.0,0.0,0.0
268103007,0,100,0.0,0.0,0.0,0.0,0.0,0.0,0.0,0.0
268100003,15,84,0.0,0.0,0.0,0.0,0.0,0.0,0.0,0.0
268103008,107,0,0.0,0.0,0.0,0.0,0.0,0.0,0.0,0.0
268100001,0,76,0.0,0.0,0.0,0.0,0.0,0.0,0.0,0.0
268150008,7,58,0.0,0.0,0.0,0.0,0.0,0.0,0.0,0.0
268150007,16,72,0.0,0.0,0.0,0.0,0.0,0.0,0.0,0.0
268080011,1,89,0.0,0.0,0.0,0.0,0.0,0.0,0.0,0.0
268030016,7,5,0.0,0.0,0.0,0.0,0.0,0.0,0.0,0.0
268030006,4,2,0.0,0.0,0.0,0.0,0.0,0.0,0.0,0.0
268030001,73,21,0.0,0.0,0.0,0.0,0.0,0.0,0.0,0.0
268030024/268030025,3,116,0.0,0.0,0.0,0.0,0.0,0.0,0.0,0.0
268030003,128,7,0.0,0.0,0.0,0.0,0.0,0.0,0.0,0.0
268030002,74,25,0.0,0.0,0.0,0.0,0.0,0.0,0.0,0.0
268030004,90,0,0.0,0.0,0.0,0.0,0.0,0.0,0.0,0.0
268031006,94,0,0.0,0.0,0.0,0.0,0.0,0.0,0.0,0.0
268030010,75,0,0.0,0.0,0.0,0.0,0.0,0.0,0.0,0.0
268029006,75,17,0.0,0.0,0.0,0.0,0.0,0.0,0.0,0.0
268030027,79,54,0.0,0.0,0.0,0.0,0.0,0.0,0.0,0.0
268027010,59,88,0.0,0.0,0.0,0.0,0.0,0.0,0.0,0.0
268027011,91,33,0.0,0.0,0.0,0.0,0.0,0.0,0.0,0.0
268028007,106,17,0.0,0.0,0.0,0.0,0.0,0.0,0.0,0.0
268027009,105,0,0.0,0.0,0.0,0.0,0.0,0.0,0.0,0.0
268028009,89,32,0.0,0.0,0.0,0.0,0.0,0.0,0.0,0.0
268027001,76,44,0.0,0.0,0.0,0.0,0.0,0.0,0.0,0.0
268030005,107,1,0.0,0.0,0.0,0.0,0.0,0.0,0.0,0.0
268027003,7,76,0.0,0.0,0.0,0.0,0.0,0.0,0.0,0.0
268027004,8,63,0.0,0.0,0.0,0.0,0.0,0.0,0.0,0.0
268027006,23,52,0.0,0.0,0.0,0.0,0.0,0.0,0.0,0.0
268027005,138,1,0.0,0.0,0.0,0.0,0.0,0.0,0.0,0.0
268014006,116,1,0.0,0.0,0.0,0.0,0.0,0.0,0.0,0.0
268014007,93,32,0.0,0.0,0.0,0.0,0.0,0.0,0.0,0.0
268014003,83,11,0.0,0.0,0.0,0.0,0.0,0.0,0.0,0.0
268029008,46,50,0.0,0.0,0.0,0.0,0.0,0.0,0.0,0.0
268161005,100,21,0.0,0.0,0.0,0.0,0.0,0.0,0.0,0.0
268100016,21,82,0.0,0.0,0.0,0.0,0.0,0.0,0.0,0.0
268100008,38,11,0.0,0.0,0.0,0.0,0.0,0.0,0.0,0.0
268161009,19,64,0.0,0.0,0.0,0.0,0.0,0.0,0.0,0.0
268161010,0,138,0.0,0.0,0.0,0.0,0.0,0.0,0.0,0.0
268100015,0,100,0.0,0.0,0.0,0.0,0.0,0.0,0.0,0.0
268100013,27,50,0.0,0.0,0.0,0.0,0.0,0.0,0.0,0.0
268161004,54,46,0.0,0.0,0.0,0.0,0.0,0.0,0.0,0.0
268161011,0,135,0.0,0.0,0.0,0.0,0.0,0.0,0.0,0.0
268161012,0,102,0.0,0.0,0.0,0.0,0.0,0.0,0.0,0.0
268100017,24,53,0.0,0.0,0.0,0.0,0.0,0.0,0.0,0.0
268100012,0,73,0.0,0.0,0.0,0.0,0.0,0.0,0.0,0.0
268100014,0,116,0.0,0.0,0.0,0.0,0.0,0.0,0.0,0.0
268100007,3,102,0.0,0.0,0.0,0.0,0.0,0.0,0.0,0.0
268100011,4,69,0.0,0.0,0.0,0.0,0.0,0.0,0.0,0.0
268100009,78,17,0.0,0.0,0.0,0.0,0.0,0.0,0.0,0.0
268100010,50,15,0.0,0.0,0.0,0.0,0.0,0.0,0.0,0.0
268099012,0,55,0.0,0.0,0.0,0.0,0.0,0.0,0.0,0.0
268099011,9,89,0.0,0.0,0.0,0.0,0.0,0.0,0.0,0.0
268099009,0,94,0.0,0.0,0.0,0.0,0.0,0.0,0.0,0.0
268099006,85,9,0.0,0.0,0.0,0.0,0.0,0.0,0.0,0.0
268032007,80,46,0.0,0.0,0.0,0.0,0.0,0.0,0.0,0.0
268032009,47,43,0.0,0.0,0.0,0.0,0.0,0.0,0.0,0.0
268032013,17,65,0.0,0.0,0.0,0.0,0.0,0.0,0.0,0.0
268002012,4,74,0.0,0.0,0.0,0.0,0.0,0.0,0.0,0.0
268032003,78,0,0.0,0.0,0.0,0.0,0.0,0.0,0.0,0.0
268032012,28,2,0.0,0.0,0.0,0.0,0.0,0.0,0.0,0.0
268032004,90,0,0.0,0.0,0.0,0.0,0.0,0.0,0.0,0.0
268031012,41,110,0.0,0.0,0.0,0.0,0.0,0.0,0.0,0.0
268031002,82,0,0.0,0.0,0.0,0.0,0.0,0.0,0.0,0.0
268035003,91,0,0.0,0.0,0.0,0.0,0.0,0.0,0.0,0.0
268031001,81,0,0.0,0.0,0.0,0.0,0.0,0.0,0.0,0.0
268031015,73,71,0.0,0.0,0.0,0.0,0.0,0.0,0.0,0.0
268031013,94,0,0.0,0.0,0.0,0.0,0.0,0.0,0.0,0.0
268031003,84,0,0.0,0.0,0.0,0.0,0.0,0.0,0.0,0.0
268031011,134,0,0.0,0.0,0.0,0.0,0.0,0.0,0.0,0.0
268031004,80,0,0.0,0.0,0.0,0.0,0.0,0.0,0.0,0.0
268031014,89,2,0.0,0.0,0.0,0.0,0.0,0.0,0.0,0.0
268035002,96,0,0.0,0.0,0.0,0.0,0.0,0.0,0.0,0.0
268031010,86,0,0.0,0.0,0.0,0.0,0.0,0.0,0.0,0.0
268031005,95,0,0.0,0.0,0.0,0.0,0.0,0.0,0.0,0.0
268031009,122,1,0.0,0.0,0.0,0.0,0.0,0.0,0.0,0.0
268035007,78,0,0.0,0.0,0.0,0.0,0.0,0.0,0.0,0.0
268031008,85,0,0.0,0.0,0.0,0.0,0.0,0.0,0.0,0.0
268032006,124,0,0.0,0.0,0.0,0.0,0.0,0.0,0.0,0.0
268032005,113,0,0.0,0.0,0.0,0.0,0.0,0.0,0.0,0.0
268032002,112,28,0.0,0.0,0.0,0.0,0.0,0.0,0.0,0.0
268099008,69,2,0.0,0.0,0.0,0.0,0.0,0.0,0.0,0.0
268099013,5,113,0.0,0.0,0.0,0.0,0.0,0.0,0.0,0.0
268099007,44,64,0.0,0.0,0.0,0.0,0.0,0.0,0.0,0.0
268099002,64,2,0.0,0.0,0.0,0.0,0.0,0.0,0.0,0.0
268099010,0,71,0.0,0.0,0.0,0.0,0.0,0.0,0.0,0.0
268099005,47,28,0.0,0.0,0.0,0.0,0.0,0.0,0.0,0.0
268099015,49,73,0.0,0.0,0.0,0.0,0.0,0.0,0.0,0.0
268099020,0,65,0.0,0.0,0.0,0.0,0.0,0.0,0.0,0.0
268161008,0,98,0.0,0.0,0.0,0.0,0.0,0.0,0.0,0.0
268161001,0,128,0.0,0.0,0.0,0.0,0.0,0.0,0.0,0.0
268099016,11,58,0.0,0.0,0.0,0.0,0.0,0.0,0.0,0.0
268099018,34,32,0.0,0.0,0.0,0.0,0.0,0.0,0.0,0.0
268099001,65,33,0.0,0.0,0.0,0.0,0.0,0.0,0.0,0.0
268099019,0,68,0.0,0.0,0.0,0.0,0.0,0.0,0.0,0.0
268161003,0,70,0.0,0.0,0.0,0.0,0.0,0.0,0.0,0.0
268099014,0,128,0.0,0.0,0.0,0.0,0.0,0.0,0.0,0.0
268161002,0,62,0.0,0.0,0.0,0.0,0.0,0.0,0.0,0.0
268099004,11,60,0.0,0.0,0.0,0.0,0.0,0.0,0.0,0.0
268099021,1,62,0.0,0.0,0.0,0.0,0.0,0.0,0.0,0.0
268161007,0,75,0.0,0.0,0.0,0.0,0.0,0.0,0.0,0.0
268161006,0,74,0.6460477272727273,0.027795325331648767,13.095001710352495,24.148203741240682,72.58710749134555,32737.504275881238,60370.509353101705,181467.76872836388
268098001,0,101,0.0,0.0,0.0,0.0,0.0,0.0,0.0,0.0
268098010,2,111,0.7630470588235294,0.018008474576271187,13.748229666281064,26.463358140846005,77.84324622858745,34370.57416570266,66158.39535211501,194608.1155714686
268098006,43,108,0.8045526315789473,0.022467481277098935,27.312315735043192,52.387538771560926,151.83514964253976,68280.78933760799,130968.84692890232,379587.8741063494
268098008,0,110,0.0,0.0,0.0,0.0,0.0,0.0,0.0,0.0
268098003,0,139,0.0,0.0,0.0,0.0,0.0,0.0,0.0,0.0
268098009,2,97,0.81642,0.0351288056206089,23.886334234260058,47.02232233353795,137.3850072102828,59715.835585650144,117555.80583384488,343462.518025707
268098002,0,134,0.0,0.0,0.0,0.0,0.0,0.0,0.0,0.0
268098007,0,90,0.805775,0.025889967637540454,15.742450219805827,30.911867995339808,90.50797875728156,39356.12554951457,77279.66998834952,226269.94689320392
268098005,0,81,0.68036,0.04132231404958678,21.62524468046281,40.41399447312397,120.67502879008264,54063.111701157024,101034.98618280992,301687.5719752066
268098004,0,67,1.0043857142857144,0.03664921465968586,17.494565735413612,37.04133607153927,106.09424964871204,43736.41433853403,92603.34017884817,265235.6241217801
268099017,11,32,0.0,0.0,0.0,0.0,0.0,0.0,0.0,0.0
268108026/01,0,178,1.0926060373216246,0.09128256513026052,118.12082968383648,254.22688423257395,716.3747296582333,295302.0742095912,635567.2105814349,1790936.8241455832
268102011,0,120,0.0,0.0,0.0,0.0,0.0,0.0,0.0,0.0
268102010,0,80,0.0,0.0,0.0,0.0,0.0,0.0,0.0,0.0
268132005,98,17,0.0,0.0,0.0,0.0,0.0,0.0,0.0,0.0
268102004,9,66,0.0,0.0,0.0,0.0,0.0,0.0,0.0,0.0
268162008,34,26,0.0,0.0,0.0,0.0,0.0,0.0,0.0,0.0
268132004,38,47,0.0,0.0,0.0,0.0,0.0,0.0,0.0,0.0
268162002,15,101,0.0,0.0,0.0,0.0,0.0,0.0,0.0,0.0
268101007,16,74,0.0,0.0,0.0,0.0,0.0,0.0,0.0,0.0
268162001,78,48,0.0,0.0,0.0,0.0,0.0,0.0,0.0,0.0
268162009,29,70,0.0,0.0,0.0,0.0,0.0,0.0,0.0,0.0
268162003,89,14,0.0,0.0,0.0,0.0,0.0,0.0,0.0,0.0
268162007,122,4,0.0,0.0,0.0,0.0,0.0,0.0,0.0,0.0
268162011,47,36,0.0,0.0,0.0,0.0,0.0,0.0,0.0,0.0
268162010,48,63,0.0,0.0,0.0,0.0,0.0,0.0,0.0,0.0
268162006,97,16,0.0,0.0,0.0,0.0,0.0,0.0,0.0,0.0
268162005,74,48,0.0,0.0,0.0,0.0,0.0,0.0,0.0,0.0
268162004,24,43,0.0,0.0,0.0,0.0,0.0,0.0,0.0,0.0
268162017,9,103,0.0,0.0,0.0,0.0,0.0,0.0,0.0,0.0
268162018,29,100,0.0,0.0,0.0,0.0,0.0,0.0,0.0,0.0
268162015,19,68,0.0,0.0,0.0,0.0,0.0,0.0,0.0,0.0
268162012,73,16,0.0,0.0,0.0,0.0,0.0,0.0,0.0,0.0
268162014,48,32,0.0,0.0,0.0,0.0,0.0,0.0,0.0,0.0
268162016,79,28,0.0,0.0,0.0,0.0,0.0,0.0,0.0,0.0
268162013,24,84,0.0,0.0,0.0,0.0,0.0,0.0,0.0,0.0
268064012,79,15,0.0,0.0,0.0,0.0,0.0,0.0,0.0,0.0
268064011,25,36,0.0,0.0,0.0,0.0,0.0,0.0,0.0,0.0
268064008,90,1,0.0,0.0,0.0,0.0,0.0,0.0,0.0,0.0
268064007,64,15,0.0,0.0,0.0,0.0,0.0,0.0,0.0,0.0
268064009,68,39,0.0,0.0,0.0,0.0,0.0,0.0,0.0,0.0
268065006,64,2,0.0,0.0,0.0,0.0,0.0,0.0,0.0,0.0
268065002,70,0,0.0,0.0,0.0,0.0,0.0,0.0,0.0,0.0
268065014,76,32,0.0,0.0,0.0,0.0,0.0,0.0,0.0,0.0
268064010,89,0,0.0,0.0,0.0,0.0,0.0,0.0,0.0,0.0
268064006,102,0,0.0,0.0,0.0,0.0,0.0,0.0,0.0,0.0
268065001,74,0,0.0,0.0,0.0,0.0,0.0,0.0,0.0,0.0
268020003,83,13,0.0,0.0,0.0,0.0,0.0,0.0,0.0,0.0
268065007,77,0,0.0,0.0,0.0,0.0,0.0,0.0,0.0,0.0
268065005,97,1,0.0,0.0,0.0,0.0,0.0,0.0,0.0,0.0
268065003,96,0,0.0,0.0,0.0,0.0,0.0,0.0,0.0,0.0
268064005,114,0,0.0,0.0,0.0,0.0,0.0,0.0,0.0,0.0
268065012,74,0,0.0,0.0,0.0,0.0,0.0,0.0,0.0,0.0
268065013,133,0,0.0,0.0,0.0,0.0,0.0,0.0,0.0,0.0
268064004,93,0,0.0,0.0,0.0,0.0,0.0,0.0,0.0,0.0
268065015,49,41,0.0,0.0,0.0,0.0,0.0,0.0,0.0,0.0
268065008,116,0,0.0,0.0,0.0,0.0,0.0,0.0,0.0,0.0
268065004,94,0,0.0,0.0,0.0,0.0,0.0,0.0,0.0,0.0
268065011,85,0,0.0,0.0,0.0,0.0,0.0,0.0,0.0,0.0
268065010,88,3,0.0,0.0,0.0,0.0,0.0,0.0,0.0,0.0
268064003,81,0,0.0,0.0,0.0,0.0,0.0,0.0,0.0,0.0
268064002,92,0,0.0,0.0,0.0,0.0,0.0,0.0,0.0,0.0
268020006,101,0,0.0,0.0,0.0,0.0,0.0,0.0,0.0,0.0
268064001,91,0,0.0,0.0,0.0,0.0,0.0,0.0,0.0,0.0
268065009,93,0,0.0,0.0,0.0,0.0,0.0,0.0,0.0,0.0
268063003,98,0,0.0,0.0,0.0,0.0,0.0,0.0,0.0,0.0
268020009,89,0,0.0,0.0,0.0,0.0,0.0,0.0,0.0,0.0
267066019/02,0,131,0.0,0.0,0.0,0.0,0.0,0.0,0.0,0.0
267066019/03,0,149,0.0,0.0,0.0,0.0,0.0,0.0,0.0,0.0
267066019/01,15,183,0.0,0.0,0.0,0.0,0.0,0.0,0.0,0.0
268016010,22,27,0.0,0.0,0.0,0.0,0.0,0.0,0.0,0.0
268015007,97,0,0.0,0.0,0.0,0.0,0.0,0.0,0.0,0.0
268016014,11,22,0.0,0.0,0.0,0.0,0.0,0.0,0.0,0.0
268016002,95,0,0.0,0.0,0.0,0.0,0.0,0.0,0.0,0.0
268016003,140,0,0.0,0.0,0.0,0.0,0.0,0.0,0.0,0.0
267066009/01,29,100,0.0,0.0,0.0,0.0,0.0,0.0,0.0,0.0
268016001,111,0,0.0,0.0,0.0,0.0,0.0,0.0,0.0,0.0
268016009,90,13,0.0,0.0,0.0,0.0,0.0,0.0,0.0,0.0
268015014/02,24,59,0.0,0.0,0.0,0.0,0.0,0.0,0.0,0.0
268015005/02,62,18,0.0,0.0,0.0,0.0,0.0,0.0,0.0,0.0
268015013,83,61,0.0,0.0,0.0,0.0,0.0,0.0,0.0,0.0
268015011,52,35,0.0,0.0,0.0,0.0,0.0,0.0,0.0,0.0
268015012,48,25,0.0,0.0,0.0,0.0,0.0,0.0,0.0,0.0
268015005/01,0,121,0.0,0.0,0.0,0.0,0.0,0.0,0.0,0.0
268015005/03/268015005/268015014,62,13,0.0,0.0,0.0,0.0,0.0,0.0,0.0,0.0
268015014/01,43,40,0.0,0.0,0.0,0.0,0.0,0.0,0.0,0.0
268015009,52,29,0.0,0.0,0.0,0.0,0.0,0.0,0.0,0.0
268015017,1,186,0.0,0.0,0.0,0.0,0.0,0.0,0.0,0.0
268015010,55,44,0.0,0.0,0.0,0.0,0.0,0.0,0.0,0.0
267066018,9,176,0.0,0.0,0.0,0.0,0.0,0.0,0.0,0.0
267066009/02,22,71,0.0,0.0,0.0,0.0,0.0,0.0,0.0,0.0
267066017,42,90,0.0,0.0,0.0,0.0,0.0,0.0,0.0,0.0
267132011,89,5,0.0,0.0,0.0,0.0,0.0,0.0,0.0,0.0
267132001/03,103,0,0.0,0.0,0.0,0.0,0.0,0.0,0.0,0.0
267153001,105,3,0.0,0.0,0.0,0.0,0.0,0.0,0.0,0.0
267149001,99,0,0.0,0.0,0.0,0.0,0.0,0.0,0.0,0.0
267152004,99,0,0.0,0.0,0.0,0.0,0.0,0.0,0.0,0.0
267086009,91,0,0.0,0.0,0.0,0.0,0.0,0.0,0.0,0.0
267086005,97,0,0.0,0.0,0.0,0.0,0.0,0.0,0.0,0.0
267113006,80,1,0.0,0.0,0.0,0.0,0.0,0.0,0.0,0.0
267113005,73,0,0.0,0.0,0.0,0.0,0.0,0.0,0.0,0.0
267113007,74,1,0.0,0.0,0.0,0.0,0.0,0.0,0.0,0.0
267113001,91,2,0.0,0.0,0.0,0.0,0.0,0.0,0.0,0.0
267113004,97,0,0.0,0.0,0.0,0.0,0.0,0.0,0.0,0.0
267113002,110,3,0.0,0.0,0.0,0.0,0.0,0.0,0.0,0.0
267113008,89,1,0.0,0.0,0.0,0.0,0.0,0.0,0.0,0.0
267113010,149,1,0.0,0.0,0.0,0.0,0.0,0.0,0.0,0.0
267149006,108,15,0.0,0.0,0.0,0.0,0.0,0.0,0.0,0.0
267113009,107,4,0.0,0.0,0.0,0.0,0.0,0.0,0.0,0.0
267149003,94,0,0.0,0.0,0.0,0.0,0.0,0.0,0.0,0.0
267113003,96,1,0.0,0.0,0.0,0.0,0.0,0.0,0.0,0.0
267149005,113,0,0.0,0.0,0.0,0.0,0.0,0.0,0.0,0.0
267149004,91,0,0.0,0.0,0.0,0.0,0.0,0.0,0.0,0.0
267156005,112,1,0.0,0.0,0.0,0.0,0.0,0.0,0.0,0.0
267150003,99,0,0.0,0.0,0.0,0.0,0.0,0.0,0.0,0.0
267156004,89,0,0.0,0.0,0.0,0.0,0.0,0.0,0.0,0.0
267150002,70,5,0.0,0.0,0.0,0.0,0.0,0.0,0.0,0.0
267149009,82,0,0.0,0.0,0.0,0.0,0.0,0.0,0.0,0.0
267149008,71,0,0.0,0.0,0.0,0.0,0.0,0.0,0.0,0.0
267150001,112,0,0.0,0.0,0.0,0.0,0.0,0.0,0.0,0.0
267150012,104,23,0.0,0.0,0.0,0.0,0.0,0.0,0.0,0.0
267149010,112,0,0.0,0.0,0.0,0.0,0.0,0.0,0.0,0.0
267150010,139,0,0.0,0.0,0.0,0.0,0.0,0.0,0.0,0.0
267150009,53,20,0.0,0.0,0.0,0.0,0.0,0.0,0.0,0.0
267150008,87,0,0.0,0.0,0.0,0.0,0.0,0.0,0.0,0.0
267154004,123,0,0.0,0.0,0.0,0.0,0.0,0.0,0.0,0.0
267154003,91,7,0.0,0.0,0.0,0.0,0.0,0.0,0.0,0.0
267154002,94,0,0.0,0.0,0.0,0.0,0.0,0.0,0.0,0.0
267150016,121,0,0.0,0.0,0.0,0.0,0.0,0.0,0.0,0.0
267154001,119,12,0.0,0.0,0.0,0.0,0.0,0.0,0.0,0.0
267150013,94,0,0.0,0.0,0.0,0.0,0.0,0.0,0.0,0.0
267150018,108,0,0.0,0.0,0.0,0.0,0.0,0.0,0.0,0.0
267154005,94,3,0.0,0.0,0.0,0.0,0.0,0.0,0.0,0.0
267150017,81,0,0.0,0.0,0.0,0.0,0.0,0.0,0.0,0.0
267150014,68,0,0.0,0.0,0.0,0.0,0.0,0.0,0.0,0.0
267150015,85,0,0.0,0.0,0.0,0.0,0.0,0.0,0.0,0.0
267150004,34,51,0.0,0.0,0.0,0.0,0.0,0.0,0.0,0.0
267150005,57,52,0.0,0.0,0.0,0.0,0.0,0.0,0.0,0.0
268146004,83,21,0.0,0.0,0.0,0.0,0.0,0.0,0.0,0.0
268146007,52,0,0.0,0.0,0.0,0.0,0.0,0.0,0.0,0.0
267154008,45,75,0.0,0.0,0.0,0.0,0.0,0.0,0.0,0.0
267114007,67,0,0.0,0.0,0.0,0.0,0.0,0.0,0.0,0.0
267154007,16,68,0.0,0.0,0.0,0.0,0.0,0.0,0.0,0.0
267114013,144,0,0.0,0.0,0.0,0.0,0.0,0.0,0.0,0.0
267152007,72,0,0.0,0.0,0.0,0.0,0.0,0.0,0.0,0.0
267152002,127,0,0.0,0.0,0.0,0.0,0.0,0.0,0.0,0.0
267152003,107,0,0.0,0.0,0.0,0.0,0.0,0.0,0.0,0.0
267152001,85,0,0.0,0.0,0.0,0.0,0.0,0.0,0.0,0.0
267152005,87,1,0.0,0.0,0.0,0.0,0.0,0.0,0.0,0.0
267152008,75,0,0.0,0.0,0.0,0.0,0.0,0.0,0.0,0.0
267114004,101,0,0.0,0.0,0.0,0.0,0.0,0.0,0.0,0.0
267115006,74,0,0.0,0.0,0.0,0.0,0.0,0.0,0.0,0.0
267116010,79,3,0.0,0.0,0.0,0.0,0.0,0.0,0.0,0.0
267116001,78,0,0.0,0.0,0.0,0.0,0.0,0.0,0.0,0.0
267116007,81,6,0.0,0.0,0.0,0.0,0.0,0.0,0.0,0.0
267114003,114,0,0.0,0.0,0.0,0.0,0.0,0.0,0.0,0.0
267114006,89,1,0.0,0.0,0.0,0.0,0.0,0.0,0.0,0.0
267114001,94,0,0.0,0.0,0.0,0.0,0.0,0.0,0.0,0.0
267115005,103,0,0.0,0.0,0.0,0.0,0.0,0.0,0.0,0.0
267115016,75,1,0.0,0.0,0.0,0.0,0.0,0.0,0.0,0.0
267116009,124,0,0.0,0.0,0.0,0.0,0.0,0.0,0.0,0.0
267115003,75,0,0.0,0.0,0.0,0.0,0.0,0.0,0.0,0.0
267114005,70,0,0.0,0.0,0.0,0.0,0.0,0.0,0.0,0.0
267115015,86,6,0.0,0.0,0.0,0.0,0.0,0.0,0.0,0.0
267115014,0,71,0.0,0.0,0.0,0.0,0.0,0.0,0.0,0.0
267115013,0,93,0.0,0.0,0.0,0.0,0.0,0.0,0.0,0.0
267115004,0,79,0.0,0.0,0.0,0.0,0.0,0.0,0.0,0.0
267116012,92,0,0.0,0.0,0.0,0.0,0.0,0.0,0.0,0.0
267114002,102,0,0.0,0.0,0.0,0.0,0.0,0.0,0.0,0.0
267116013,87,0,0.0,0.0,0.0,0.0,0.0,0.0,0.0,0.0
267114010,68,0,0.0,0.0,0.0,0.0,0.0,0.0,0.0,0.0
267114011,69,0,0.0,0.0,0.0,0.0,0.0,0.0,0.0,0.0
267114012,3,112,0.0,0.0,0.0,0.0,0.0,0.0,0.0,0.0
267116015,26,45,0.0,0.0,0.0,0.0,0.0,0.0,0.0,0.0
267117008,110,0,0.0,0.0,0.0,0.0,0.0,0.0,0.0,0.0
267117007,0,81,0.0,0.0,0.0,0.0,0.0,0.0,0.0,0.0
267117003,77,33,0.0,0.0,0.0,0.0,0.0,0.0,0.0,0.0
267114008,72,12,0.0,0.0,0.0,0.0,0.0,0.0,0.0,0.0
267117004,16,66,0.0,0.0,0.0,0.0,0.0,0.0,0.0,0.0
267117001,48,36,0.0,0.0,0.0,0.0,0.0,0.0,0.0,0.0
267117010,81,15,0.0,0.0,0.0,0.0,0.0,0.0,0.0,0.0
268147001,90,0,0.0,0.0,0.0,0.0,0.0,0.0,0.0,0.0
267154006,0,97,0.0,0.0,0.0,0.0,0.0,0.0,0.0,0.0
267117012,89,32,0.0,0.0,0.0,0.0,0.0,0.0,0.0,0.0
267117005,91,0,0.0,0.0,0.0,0.0,0.0,0.0,0.0,0.0
267117011,125,0,0.0,0.0,0.0,0.0,0.0,0.0,0.0,0.0
267117009,88,12,0.0,0.0,0.0,0.0,0.0,0.0,0.0,0.0
267117002,106,24,0.0,0.0,0.0,0.0,0.0,0.0,0.0,0.0
268147002,82,0,0.0,0.0,0.0,0.0,0.0,0.0,0.0,0.0
267117006,122,1,0.0,0.0,0.0,0.0,0.0,0.0,0.0,0.0
268146006,75,6,0.0,0.0,0.0,0.0,0.0,0.0,0.0,0.0
268127005,104,20,0.0,0.0,0.0,0.0,0.0,0.0,0.0,0.0
268147003,118,3,0.0,0.0,0.0,0.0,0.0,0.0,0.0,0.0
268127014,76,0,0.0,0.0,0.0,0.0,0.0,0.0,0.0,0.0
267156006,123,0,0.0,0.0,0.0,0.0,0.0,0.0,0.0,0.0
268006034/01,73,6,0.0,0.0,0.0,0.0,0.0,0.0,0.0,0.0
268006023,11,77,0.0,0.0,0.0,0.0,0.0,0.0,0.0,0.0
268006022,10,58,0.0,0.0,0.0,0.0,0.0,0.0,0.0,0.0
268006025,37,90,0.0,0.0,0.0,0.0,0.0,0.0,0.0,0.0
268006021,16,87,0.0,0.0,0.0,0.0,0.0,0.0,0.0,0.0
268006035,5,106,0.0,0.0,0.0,0.0,0.0,0.0,0.0,0.0
268006033,0,78,0.0,0.0,0.0,0.0,0.0,0.0,0.0,0.0
268069004,59,88,0.0,0.0,0.0,0.0,0.0,0.0,0.0,0.0
268069002,101,0,0.0,0.0,0.0,0.0,0.0,0.0,0.0,0.0
268069001,111,0,0.0,0.0,0.0,0.0,0.0,0.0,0.0,0.0
268069006,76,0,0.0,0.0,0.0,0.0,0.0,0.0,0.0,0.0
268069005,80,0,0.0,0.0,0.0,0.0,0.0,0.0,0.0,0.0
267098001/01,118,3,0.0,0.0,0.0,0.0,0.0,0.0,0.0,0.0
267158009/03,123,0,0.0,0.0,0.0,0.0,0.0,0.0,0.0,0.0
268118002,13,101,0.8043309999999998,0.020755500207555,17.20807641965445,33.42994172998713,97.4581739702337,43020.19104913613,83574.85432496782,243645.43492558427
268084009,0,115,0.7822149253731343,0.05518945634266886,42.601589153080724,82.81994015578255,243.20245022405274,106503.97288270181,207049.85038945638,608006.1255601319
268118001,34,54,0.6379583333333333,0.0001812086617740328,0.1274517695019708,0.22774765666240626,0.6761130023864936,318.62942375492696,569.3691416560157,1690.282505966234
268148004/02,0,156,0.8744708333333334,0.0427807486631016,45.94192073531551,92.76404631375402,269.42745167486635,114854.80183828878,231910.11578438507,673568.6291871659
268084010,1,133,1.0130972972972974,0.06739526411657559,64.80209502758113,137.32432657191666,392.5540223448316,162005.23756895284,343310.8164297916,981385.055862079
268118007,19,63,0.6967192307692309,0.029612756264236904,18.256264241390557,33.70094340169523,99.43976726006188,45640.66060347639,84252.35850423807,248599.4181501547
268007009,14,63,0.0,0.0,0.0,0.0,0.0,0.0,0.0,0.0
268007005,77,0,0.0,0.0,0.0,0.0,0.0,0.0,0.0,0.0
268007010,72,6,0.0,0.0,0.0,0.0,0.0,0.0,0.0,0.0
268007004,64,18,0.0,0.0,0.0,0.0,0.0,0.0,0.0,0.0
268035011,81,8,0.0,0.0,0.0,0.0,0.0,0.0,0.0,0.0
268007011,105,0,0.0,0.0,0.0,0.0,0.0,0.0,0.0,0.0
268007006,73,0,0.0,0.0,0.0,0.0,0.0,0.0,0.0,0.0
268007003,90,7,0.0,0.0,0.0,0.0,0.0,0.0,0.0,0.0
268006018,75,32,0.0,0.0,0.0,0.0,0.0,0.0,0.0,0.0
268006019,84,0,0.0,0.0,0.0,0.0,0.0,0.0,0.0,0.0
268006006,85,0,0.0,0.0,0.0,0.0,0.0,0.0,0.0,0.0
268006016,72,0,0.0,0.0,0.0,0.0,0.0,0.0,0.0,0.0
268006014,99,0,0.0,0.0,0.0,0.0,0.0,0.0,0.0,0.0
268006015,93,0,0.0,0.0,0.0,0.0,0.0,0.0,0.0,0.0
268006008,108,0,0.0,0.0,0.0,0.0,0.0,0.0,0.0,0.0
268006012,103,0,0.0,0.0,0.0,0.0,0.0,0.0,0.0,0.0
268006007,99,0,0.0,0.0,0.0,0.0,0.0,0.0,0.0,0.0
268006009,97,0,0.0,0.0,0.0,0.0,0.0,0.0,0.0,0.0
268006013,95,0,0.0,0.0,0.0,0.0,0.0,0.0,0.0,0.0
268006011,74,0,0.0,0.0,0.0,0.0,0.0,0.0,0.0,0.0
268063002,79,3,0.0,0.0,0.0,0.0,0.0,0.0,0.0,0.0
268063001,81,0,0.0,0.0,0.0,0.0,0.0,0.0,0.0,0.0
267066020,75,16,0.0,0.0,0.0,0.0,0.0,0.0,0.0,0.0
267066015,0,127,0.0,0.0,0.0,0.0,0.0,0.0,0.0,0.0
267066021,0,144,0.0,0.0,0.0,0.0,0.0,0.0,0.0,0.0
267066012,73,66,0.0,0.0,0.0,0.0,0.0,0.0,0.0,0.0
267066002,91,1,0.0,0.0,0.0,0.0,0.0,0.0,0.0,0.0
267066008,0,107,0.0,0.0,0.0,0.0,0.0,0.0,0.0,0.0
267066014,14,82,0.0,0.0,0.0,0.0,0.0,0.0,0.0,0.0
267066007,108,0,0.0,0.0,0.0,0.0,0.0,0.0,0.0,0.0
267066013,122,5,0.0,0.0,0.0,0.0,0.0,0.0,0.0,0.0
267066006,0,80,0.0,0.0,0.0,0.0,0.0,0.0,0.0,0.0
267066003,58,60,0.0,0.0,0.0,0.0,0.0,0.0,0.0,0.0
267066005,0,77,0.0,0.0,0.0,0.0,0.0,0.0,0.0,0.0
267066004,99,37,0.0,0.0,0.0,0.0,0.0,0.0,0.0,0.0
267066011,117,48,0.0,0.0,0.0,0.0,0.0,0.0,0.0,0.0
267066010,0,86,0.0,0.0,0.0,0.0,0.0,0.0,0.0,0.0
267066016,73,7,0.0,0.0,0.0,0.0,0.0,0.0,0.0,0.0
267066001,83,0,0.0,0.0,0.0,0.0,0.0,0.0,0.0,0.0
268025002,89,1,0.0,0.0,0.0,0.0,0.0,0.0,0.0,0.0
268025007,99,0,0.0,0.0,0.0,0.0,0.0,0.0,0.0,0.0
268025005,117,0,0.0,0.0,0.0,0.0,0.0,0.0,0.0,0.0
268021001,94,0,0.0,0.0,0.0,0.0,0.0,0.0,0.0,0.0
268021002,81,0,0.0,0.0,0.0,0.0,0.0,0.0,0.0,0.0
268021004,75,0,0.0,0.0,0.0,0.0,0.0,0.0,0.0,0.0
268021003,105,0,0.0,0.0,0.0,0.0,0.0,0.0,0.0,0.0
268088002,92,0,0.0,0.0,0.0,0.0,0.0,0.0,0.0,0.0
268088003,74,0,0.0,0.0,0.0,0.0,0.0,0.0,0.0,0.0
268088004,111,4,0.0,0.0,0.0,0.0,0.0,0.0,0.0,0.0
268088012,30,90,0.0,0.0,0.0,0.0,0.0,0.0,0.0,0.0
268088010,68,50,0.0,0.0,0.0,0.0,0.0,0.0,0.0,0.0
268088005,87,0,0.0,0.0,0.0,0.0,0.0,0.0,0.0,0.0
268088011,41,85,0.0,0.0,0.0,0.0,0.0,0.0,0.0,0.0
268088006,99,3,0.0,0.0,0.0,0.0,0.0,0.0,0.0,0.0
268088009,95,1,0.0,0.0,0.0,0.0,0.0,0.0,0.0,0.0
268088008,85,3,0.0,0.0,0.0,0.0,0.0,0.0,0.0,0.0
268088007,83,0,0.0,0.0,0.0,0.0,0.0,0.0,0.0,0.0
268089001,92,0,0.0,0.0,0.0,0.0,0.0,0.0,0.0,0.0
268089002,71,2,0.0,0.0,0.0,0.0,0.0,0.0,0.0,0.0
268026008,116,0,0.0,0.0,0.0,0.0,0.0,0.0,0.0,0.0
268026007,98,1,0.0,0.0,0.0,0.0,0.0,0.0,0.0,0.0
268022013,108,0,0.0,0.0,0.0,0.0,0.0,0.0,0.0,0.0
268026010,119,0,0.0,0.0,0.0,0.0,0.0,0.0,0.0,0.0
268026012,105,62,0.0,0.0,0.0,0.0,0.0,0.0,0.0,0.0
268026009,106,0,0.0,0.0,0.0,0.0,0.0,0.0,0.0,0.0
268022004,108,0,0.0,0.0,0.0,0.0,0.0,0.0,0.0,0.0
268026003,80,52,0.0,0.0,0.0,0.0,0.0,0.0,0.0,0.0
268026005,91,1,0.0,0.0,0.0,0.0,0.0,0.0,0.0,0.0
268022011,5,128,0.0,0.0,0.0,0.0,0.0,0.0,0.0,0.0
268022014,52,22,0.0,0.0,0.0,0.0,0.0,0.0,0.0,0.0
268026006,127,0,0.0,0.0,0.0,0.0,0.0,0.0,0.0,0.0
268026002,103,1,0.0,0.0,0.0,0.0,0.0,0.0,0.0,0.0
268026011,130,0,0.0,0.0,0.0,0.0,0.0,0.0,0.0,0.0
268022003,107,0,0.0,0.0,0.0,0.0,0.0,0.0,0.0,0.0
268022012,59,61,0.0,0.0,0.0,0.0,0.0,0.0,0.0,0.0
268026001,91,0,0.0,0.0,0.0,0.0,0.0,0.0,0.0,0.0
268026004,94,0,0.0,0.0,0.0,0.0,0.0,0.0,0.0,0.0
268044008,55,69,0.678303781512605,0.0944819372766971,98.16529429937783,177.60434603149176,522.3965836923302,245413.2357484446,444010.8650787294,1305991.4592308255
268044009,108,15,0.0,0.0,0.0,0.0,0.0,0.0,0.0,0.0
268044003,94,71,0.5396768292682927,0.07735849056603773,107.29397506700046,182.09466711692662,548.8927567895504,268234.93766750116,455236.6677923165,1372231.891973876
268048003,69,31,0.4240827338129496,0.2263843648208469,184.92249499029765,288.3675743823677,897.1968513649132,462306.2374757441,720918.9359559192,2242992.128412283
268044007,122,0,0.0,0.0,0.0,0.0,0.0,0.0,0.0,0.0
268048012,127,34,0.0,0.0,0.0,0.0,0.0,0.0,0.0,0.0
268044004,128,2,0.0,0.0,0.0,0.0,0.0,0.0,0.0,0.0
268044006,110,2,0.0,0.0,0.0,0.0,0.0,0.0,0.0,0.0
268048010,77,42,0.2133,0.0004640371229698376,0.3165340367445188,0.405842003383715,1.528730665731017,791.335091861297,1014.6050084592875,3821.8266643275424
268048013,70,1,0.0,0.0,0.0,0.0,0.0,0.0,0.0,0.0
268044005,86,0,0.0,0.0,0.0,0.0,0.0,0.0,0.0,0.0
268048011,0,92,0.0,0.0,0.0,0.0,0.0,0.0,0.0,0.0
268048016,20,93,0.0,0.0,0.0,0.0,0.0,0.0,0.0,0.0
268048017,11,84,0.0,0.0,0.0,0.0,0.0,0.0,0.0,0.0
268048015,107,0,0.0,0.0,0.0,0.0,0.0,0.0,0.0,0.0
268044002,88,0,0.0,0.0,0.0,0.0,0.0,0.0,0.0,0.0
268048014,73,51,0.0,0.0,0.0,0.0,0.0,0.0,0.0,0.0
268048006,106,14,0.0,0.0,0.0,0.0,0.0,0.0,0.0,0.0
268044001,93,0,0.0,0.0,0.0,0.0,0.0,0.0,0.0,0.0
268048005,0,85,0.0,0.0,0.0,0.0,0.0,0.0,0.0,0.0
268048004,3,76,0.0,0.0,0.0,0.0,0.0,0.0,0.0,0.0
268046005,98,0,0.0,0.0,0.0,0.0,0.0,0.0,0.0,0.0
268047010,106,0,0.0,0.0,0.0,0.0,0.0,0.0,0.0,0.0
268070020,105,0,0.0,0.0,0.0,0.0,0.0,0.0,0.0,0.0
268070012,80,0,0.0,0.0,0.0,0.0,0.0,0.0,0.0,0.0
268047005,118,0,0.0,0.0,0.0,0.0,0.0,0.0,0.0,0.0
268046007,103,1,0.0,0.0,0.0,0.0,0.0,0.0,0.0,0.0
268047001,116,0,0.0,0.0,0.0,0.0,0.0,0.0,0.0,0.0
268070019,112,0,0.0,0.0,0.0,0.0,0.0,0.0,0.0,0.0
268046008,94,4,0.0,0.0,0.0,0.0,0.0,0.0,0.0,0.0
268047004,93,0,0.0,0.0,0.0,0.0,0.0,0.0,0.0,0.0
268025008,84,0,0.0,0.0,0.0,0.0,0.0,0.0,0.0,0.0
268025004,100,0,0.0,0.0,0.0,0.0,0.0,0.0,0.0,0.0
268025006,74,0,0.0,0.0,0.0,0.0,0.0,0.0,0.0,0.0
268025003,87,0,0.0,0.0,0.0,0.0,0.0,0.0,0.0,0.0
268024003,137,0,0.0,0.0,0.0,0.0,0.0,0.0,0.0,0.0
268024001,104,0,0.0,0.0,0.0,0.0,0.0,0.0,0.0,0.0
268024002,119,0,0.0,0.0,0.0,0.0,0.0,0.0,0.0,0.0
268023012,104,44,0.0,0.0,0.0,0.0,0.0,0.0,0.0,0.0
268024004,94,0,0.0,0.0,0.0,0.0,0.0,0.0,0.0,0.0
268024005,92,0,0.0,0.0,0.0,0.0,0.0,0.0,0.0,0.0
268024006,103,1,0.0,0.0,0.0,0.0,0.0,0.0,0.0,0.0
268024007,104,0,0.0,0.0,0.0,0.0,0.0,0.0,0.0,0.0
268023010,94,1,0.0,0.0,0.0,0.0,0.0,0.0,0.0,0.0
268023008,104,5,0.0,0.0,0.0,0.0,0.0,0.0,0.0,0.0
268023007,90,35,0.0,0.0,0.0,0.0,0.0,0.0,0.0,0.0
268023009,108,1,0.0,0.0,0.0,0.0,0.0,0.0,0.0,0.0
268023013,54,69,0.0,0.0,0.0,0.0,0.0,0.0,0.0,0.0
268023006,95,4,0.0,0.0,0.0,0.0,0.0,0.0,0.0,0.0
268023011,0,82,0.0,0.0,0.0,0.0,0.0,0.0,0.0,0.0
268023005,78,0,0.0,0.0,0.0,0.0,0.0,0.0,0.0,0.0
268023003,72,0,0.0,0.0,0.0,0.0,0.0,0.0,0.0,0.0
268046009,85,41,0.0,0.0,0.0,0.0,0.0,0.0,0.0,0.0
268047008,59,19,0.0,0.0,0.0,0.0,0.0,0.0,0.0,0.0
268047011,74,4,0.0,0.0,0.0,0.0,0.0,0.0,0.0,0.0
268047009,27,40,0.0,0.0,0.0,0.0,0.0,0.0,0.0,0.0
268046010,78,28,0.0,0.0,0.0,0.0,0.0,0.0,0.0,0.0
268022002,109,0,0.0,0.0,0.0,0.0,0.0,0.0,0.0,0.0
268022007,93,0,0.0,0.0,0.0,0.0,0.0,0.0,0.0,0.0
268022001,86,0,0.0,0.0,0.0,0.0,0.0,0.0,0.0,0.0
268047003,88,0,0.0,0.0,0.0,0.0,0.0,0.0,0.0,0.0
268046001,83,0,0.0,0.0,0.0,0.0,0.0,0.0,0.0,0.0
268047002,89,0,0.0,0.0,0.0,0.0,0.0,0.0,0.0,0.0
268046004,105,0,0.0,0.0,0.0,0.0,0.0,0.0,0.0,0.0
268047006,95,0,0.0,0.0,0.0,0.0,0.0,0.0,0.0,0.0
268047007,90,1,0.0,0.0,0.0,0.0,0.0,0.0,0.0,0.0
268046002,76,3,0.0,0.0,0.0,0.0,0.0,0.0,0.0,0.0
268046003,126,0,0.0,0.0,0.0,0.0,0.0,0.0,0.0,0.0
268112003,96,9,1.7938749358824901,1.0,1299.3519095723664,3138.517849945069,7995.022641908297,3248379.773930916,7846294.624862673,19987556.604770742
268112002,79,10,1.4059268857356235,0.6849104859335038,745.7206720633764,1615.4037838390864,4251.4755415892305,1864301.680158441,4038509.459597716,10628688.853973076
268112010,51,24,1.7058468437091856,0.875714830346931,731.1961363037474,1747.0885401865844,4501.030905922775,1827990.3407593684,4367721.350466461,11252577.264806937
268114015,70,28,0.517586511627907,0.12031337437045328,105.04591971283452,175.3222132310475,529.1745507747282,262614.7992820863,438305.53307761875,1322936.3769368206
268112011,0,64,1.3306061002178649,0.8315217391304348,400.651387826087,909.08226022029,2472.998077230377,1001628.4695652175,2272705.650550725,6182495.193075943
268114006,32,47,0.0,0.0,0.0,0.0,0.0,0.0,0.0,0.0
268112006,84,12,1.6607665589660743,1.0,1167.9883133758206,2725.67760966802,7021.15089534778,2919970.7834395515,6814194.02417005,17552877.23836945
268112007,52,59,1.5655243523316063,0.9489858635525507,1054.6079998314008,2456.6835205172047,6435.659021500346,2636519.999578502,6141708.801293012,16089147.553750865
268114016,63,28,0.5346709677419355,0.05090311986863711,41.17034490235301,69.32079148074614,208.5361689350683,102925.86225588252,173301.97870186536,521340.42233767075
268112004,125,1,1.070646407480315,0.9773929773929774,1501.3491816203261,3008.781521309342,8282.419774798485,3753372.954050815,7521953.803273356,20706049.436996214
268112005,85,40,1.5304574085952536,1.0,1391.6176647255327,3163.6677144079626,8271.42887525621,3479044.161813832,7909169.286019906,20678572.188140523
268112008,43,1,1.5562472180070814,0.9221082089552238,515.6248076540949,1162.2820204448685,3014.5567296034897,1289062.0191352372,2905705.0511121713,7536391.824008724
268114017,22,58,0.5311298578199052,0.37213403880070545,213.51551942183133,367.0176159764003,1118.5203781651826,533788.7985545783,917544.0399410008,2796300.9454129566
268114007,20,52,0.22626666666666664,0.0034403669724770644,1.2416402314843773,1.6172962042911263,5.968026408832028,3104.1005787109434,4043.240510727816,14920.06602208007
268112017,97,30,1.0145463119709794,0.990814696485623,1369.768411858798,2749.7753079694166,7686.10078014518,3424421.0296469945,6874438.269923542,19215251.95036295
268111005,52,44,0.6016759870550161,0.6054075235109718,495.2166902694769,864.5795717172742,2573.9297308244495,1238041.7256736923,2161448.9292931855,6434824.327061124
268112018,48,27,1.250037518248175,0.7429501084598699,608.5274059420124,1273.6108175898403,3419.4234154238125,1521318.514855031,3184027.0439746007,8548558.538559532
268112016,64,0,1.119259094942325,1.0,793.146873702134,1600.2109838795068,4364.061608840191,1982867.184255335,4000527.459698767,10910154.022100478
268112014,46,53,1.2742473488372092,0.9871441689623508,976.4374671655332,2083.427875222254,5606.3016561252425,2441093.667913833,5208569.688055635,14015754.140313106
268112013,88,13,1.2082708545034642,0.9958601655933763,1208.665265794827,2483.5585744339396,6681.452904637937,3021663.1644870676,6208896.436084849,16703632.261594841
268111013,18,80,0.664649127343245,0.9409975669099757,664.8771369996148,1216.6907550984165,3617.489126506815,1662192.842499037,3041726.887746041,9043722.816267038
268112015,40,65,0.641878783592645,0.5710823909531503,478.6809965195626,856.9790363997565,2542.588541822836,1196702.4912989065,2142447.5909993914,6356471.3545570895
268111014,75,40,0.5849902108433734,0.8315591734502191,853.0201562540375,1471.0213306888536,4382.000206240988,2132550.3906350937,3677553.326722134,10955000.51560247
268111011,93,20,0.9503750000000001,0.9970282317979198,1236.1204975352157,2428.795736912595,6833.996622642485,3090301.243838039,6071989.342281488,17084991.55660621
268111012,69,28,1.0726190035587189,1.0,1047.0069476568806,2126.6416020612346,5884.420756415514,2617517.3691422013,5316604.005153087,14711051.891038785
268111007,98,24,0.6194459690553746,0.8663139329805997,1024.5673612952942,1780.7942810037684,5250.150637321283,2561418.4032382355,4451985.702509421,13125376.593303207
268111009,102,0,0.9094873880597014,0.7714450201496834,918.8023366030761,1767.2950202096638,4977.749668784396,2297005.8415076905,4418237.550524159,12444374.171960989
268111010,53,44,1.0684579986385296,1.0,965.9629197385657,1979.1421601317954,5501.886517664616,2414907.2993464144,4947855.400329488,13754716.29416154
268111008,63,2,0.5766669126691267,0.6099024756189048,404.6046662980452,686.5266960670431,2034.5854040186362,1011511.6657451129,1716316.7401676078,5086463.51004659
268111006,105,30,1.022553264382676,0.8537527593818984,1265.2746407192465,2541.496339632031,7090.682436879764,3163186.601798116,6353740.849080077,17726706.09219941
268042005,64,62,0.582150927703135,0.4564836448598131,477.841422360832,828.8280934010734,2479.7074801338417,1194603.55590208,2072070.2335026835,6199268.700334604
268042002,105,6,0.26589692307692303,0.038621509209744505,33.46849471846242,43.26696671786831,144.7832168342831,83671.23679615605,108167.41679467077,361958.04208570777
268042001,78,0,0.0,0.0,0.0,0.0,0.0,0.0,0.0,0.0
268042018,89,6,0.0,0.0,0.0,0.0,0.0,0.0,0.0,0.0
268042019,0,70,0.0,0.0,0.0,0.0,0.0,0.0,0.0,0.0
268042010,92,5,0.0,0.0,0.0,0.0,0.0,0.0,0.0,0.0
268042027,92,0,0.0,0.0,0.0,0.0,0.0,0.0,0.0,0.0
268042020,66,42,0.0,0.0,0.0,0.0,0.0,0.0,0.0,0.0
268042028,0,114,0.0,0.0,0.0,0.0,0.0,0.0,0.0,0.0
268042008,109,0,0.3556578082191781,0.2095292766934558,199.875616248502,288.2927030573718,916.0885817757296,499689.04062125506,720731.7576434294,2290221.454439324
268042003,78,2,0.405265,0.09334889148191365,67.83771576572441,102.8819258893312,320.2011915420021,169594.28941431103,257204.814723328,800502.9788550052
268042004,78,0,0.45919230769230773,0.1118546845124283,84.09414679629204,133.4864422029136,407.20018641705553,210235.36699073008,333716.105507284,1018000.4660426389
268042009,142,0,0.37828373493975903,0.08181370133070479,103.9244449947644,153.4444470068652,482.6517927300522,259811.112486911,383611.117517163,1206629.4818251305
268042013,95,0,0.0,0.0,0.0,0.0,0.0,0.0,0.0,0.0
268042011,118,0,0.0,0.0,0.0,0.0,0.0,0.0,0.0,0.0
268042006,84,0,0.4626214765100671,0.34976525821596244,284.04994686483485,452.12005182954283,1377.6298572800386,710124.8671620871,1130300.1295738572,3444074.643200096
268042021,14,64,0.0,0.0,0.0,0.0,0.0,0.0,0.0,0.0
268042023,78,0,0.0,0.0,0.0,0.0,0.0,0.0,0.0,0.0
268042022,35,40,0.0,0.0,0.0,0.0,0.0,0.0,0.0,0.0
268042012,112,0,0.0,0.0,0.0,0.0,0.0,0.0,0.0,0.0
268042007,89,18,0.6378280230326295,0.23279714030384271,246.40623154437426,430.9612582370953,1265.3355647504861,616015.5788609356,1077403.1455927382,3163338.911876215
268042026,49,52,0.0,0.0,0.0,0.0,0.0,0.0,0.0,0.0
268042014,113,0,0.0,0.0,0.0,0.0,0.0,0.0,0.0,0.0
268042015,76,0,0.0,0.0,0.0,0.0,0.0,0.0,0.0,0.0
268042016,96,1,0.0,0.0,0.0,0.0,0.0,0.0,0.0,0.0
268042024,1,67,0.0,0.0,0.0,0.0,0.0,0.0,0.0,0.0
268042017,107,11,1.1044841532737812,0.5913669868215323,828.4755674234738,1674.764475285807,4587.910825409857,2071188.9185586844,4186911.1882145177,11469777.063524643
268042025,44,67,0.0,0.0,0.0,0.0,0.0,0.0,0.0,0.0
268045007,71,1,0.0,0.0,0.0,0.0,0.0,0.0,0.0,0.0
268045005,90,0,0.0,0.0,0.0,0.0,0.0,0.0,0.0,0.0
268045001,88,0,0.0,0.0,0.0,0.0,0.0,0.0,0.0,0.0
268045003,88,4,0.0,0.0,0.0,0.0,0.0,0.0,0.0,0.0
268045002,25,61,0.0,0.0,0.0,0.0,0.0,0.0,0.0,0.0
268045004,79,0,0.0,0.0,0.0,0.0,0.0,0.0,0.0,0.0
268045006,89,0,0.0,0.0,0.0,0.0,0.0,0.0,0.0,0.0
268041007,90,69,0.2919908854166667,0.006773322985200995,7.279133590646257,9.897043018299208,32.960015969590984,18197.833976615642,24742.60754574802,82400.03992397746
268043007,85,0,0.0,0.0,0.0,0.0,0.0,0.0,0.0,0.0
268043001,99,13,0.0,0.0,0.0,0.0,0.0,0.0,0.0,0.0
268043002,95,13,0.0,0.0,0.0,0.0,0.0,0.0,0.0,0.0
268043010,65,3,0.0,0.0,0.0,0.0,0.0,0.0,0.0,0.0
268043004,34,47,0.6602334062727936,0.4589889521258788,305.33163325425323,549.3417187071697,1622.314056822458,763329.083135633,1373354.2967679242,4055785.1420561452
268043003,53,85,0.0,0.0,0.0,0.0,0.0,0.0,0.0,0.0
268043011,110,23,0.48236041055718476,0.25774754346182915,313.7168304706007,510.2026568262406,1550.5301373234097,784292.0761765018,1275506.6420656017,3876325.343308524
268043005,68,6,0.4746600742804085,0.4356796116504854,304.7278109156669,490.9986688086709,1492.7927562931436,761819.5272891673,1227496.6720216773,3731981.8907328593
268043009,66,31,0.0,0.0,0.0,0.0,0.0,0.0,0.0,0.0
268043006,67,19,0.45162,0.03528225806451613,26.459737087905204,42.08272279224738,129.33765088834613,66149.34271976301,105206.80698061845,323344.12722086534
268043012,87,16,0.0,0.0,0.0,0.0,0.0,0.0,0.0,0.0
268043008,108,0,0.0,0.0,0.0,0.0,0.0,0.0,0.0,0.0
268046013,0,94,0.0,0.0,0.0,0.0,0.0,0.0,0.0,0.0
268077001,95,0,0.0,0.0,0.0,0.0,0.0,0.0,0.0,0.0
268077002,108,3,0.0,0.0,0.0,0.0,0.0,0.0,0.0,0.0
268077005,70,36,0.0,0.0,0.0,0.0,0.0,0.0,0.0,0.0
268076001,88,1,0.0,0.0,0.0,0.0,0.0,0.0,0.0,0.0
268076011,105,0,0.0,0.0,0.0,0.0,0.0,0.0,0.0,0.0
268076010,81,0,0.0,0.0,0.0,0.0,0.0,0.0,0.0,0.0
268076002,122,0,0.0,0.0,0.0,0.0,0.0,0.0,0.0,0.0
268076009,93,0,0.0,0.0,0.0,0.0,0.0,0.0,0.0,0.0
268076003,80,40,0.0,0.0,0.0,0.0,0.0,0.0,0.0,0.0
268076008,109,0,0.0,0.0,0.0,0.0,0.0,0.0,0.0,0.0
268076007,90,0,0.0,0.0,0.0,0.0,0.0,0.0,0.0,0.0
268087005,87,6,0.0,0.0,0.0,0.0,0.0,0.0,0.0,0.0
268076004,92,0,0.0,0.0,0.0,0.0,0.0,0.0,0.0,0.0
268076006,85,1,0.0,0.0,0.0,0.0,0.0,0.0,0.0,0.0
268076005,108,0,0.0,0.0,0.0,0.0,0.0,0.0,0.0,0.0
268087006,82,17,0.0,0.0,0.0,0.0,0.0,0.0,0.0,0.0
268086005,125,0,0.0,0.0,0.0,0.0,0.0,0.0,0.0,0.0
268062002,76,0,0.0,0.0,0.0,0.0,0.0,0.0,0.0,0.0
268008016,84,47,0.0,0.0,0.0,0.0,0.0,0.0,0.0,0.0
268008001,47,30,0.0,0.0,0.0,0.0,0.0,0.0,0.0,0.0
268120009,34,63,0.0,0.0,0.0,0.0,0.0,0.0,0.0,0.0
268008002,109,0,0.0,0.0,0.0,0.0,0.0,0.0,0.0,0.0
268008015,113,0,0.0,0.0,0.0,0.0,0.0,0.0,0.0,0.0
268008004,102,0,0.0,0.0,0.0,0.0,0.0,0.0,0.0,0.0
268008003,100,0,0.0,0.0,0.0,0.0,0.0,0.0,0.0,0.0
268008007,89,0,0.0,0.0,0.0,0.0,0.0,0.0,0.0,0.0
268008005,97,7,0.0,0.0,0.0,0.0,0.0,0.0,0.0,0.0
268120008,73,0,0.0,0.0,0.0,0.0,0.0,0.0,0.0,0.0
268008008,131,10,0.0,0.0,0.0,0.0,0.0,0.0,0.0,0.0
268120006,104,0,0.0,0.0,0.0,0.0,0.0,0.0,0.0,0.0
268120007,114,0,0.0,0.0,0.0,0.0,0.0,0.0,0.0,0.0
268120004,95,1,0.0,0.0,0.0,0.0,0.0,0.0,0.0,0.0
268008006,97,0,0.0,0.0,0.0,0.0,0.0,0.0,0.0,0.0
268008017/01,94,81,0.0,0.0,0.0,0.0,0.0,0.0,0.0,0.0
268119004,100,0,0.0,0.0,0.0,0.0,0.0,0.0,0.0,0.0
268046011,98,6,0.0,0.0,0.0,0.0,0.0,0.0,0.0,0.0
268046006,110,1,0.0,0.0,0.0,0.0,0.0,0.0,0.0,0.0
268046012,100,0,0.0,0.0,0.0,0.0,0.0,0.0,0.0,0.0
268046014,109,0,0.0,0.0,0.0,0.0,0.0,0.0,0.0,0.0
268062001,101,0,0.0,0.0,0.0,0.0,0.0,0.0,0.0,0.0
268062004,112,4,0.0,0.0,0.0,0.0,0.0,0.0,0.0,0.0
268062007,95,0,0.0,0.0,0.0,0.0,0.0,0.0,0.0,0.0
268062008,111,0,0.0,0.0,0.0,0.0,0.0,0.0,0.0,0.0
268062009,90,6,0.0,0.0,0.0,0.0,0.0,0.0,0.0,0.0
268062010,69,10,0.0,0.0,0.0,0.0,0.0,0.0,0.0,0.0
268062005,80,62,0.0,0.0,0.0,0.0,0.0,0.0,0.0,0.0
268062003,98,8,0.0,0.0,0.0,0.0,0.0,0.0,0.0,0.0
268119017,0,128,0.0,0.0,0.0,0.0,0.0,0.0,0.0,0.0
268119015/268119016,1,71,0.0,0.0,0.0,0.0,0.0,0.0,0.0,0.0
268119018,0,92,0.0,0.0,0.0,0.0,0.0,0.0,0.0,0.0
268119013/268119014,0,215,0.0,0.0,0.0,0.0,0.0,0.0,0.0,0.0
268008009,82,12,0.0,0.0,0.0,0.0,0.0,0.0,0.0,0.0
268008014,1,127,0.0,0.0,0.0,0.0,0.0,0.0,0.0,0.0
268008011,97,1,0.0,0.0,0.0,0.0,0.0,0.0,0.0,0.0
268008010,91,0,0.0,0.0,0.0,0.0,0.0,0.0,0.0,0.0
268008013,88,8,0.0,0.0,0.0,0.0,0.0,0.0,0.0,0.0
268008012,107,0,0.0,0.0,0.0,0.0,0.0,0.0,0.0,0.0
268062006,75,10,0.0,0.0,0.0,0.0,0.0,0.0,0.0,0.0
268041008,49,63,0.0,0.0,0.0,0.0,0.0,0.0,0.0,0.0
268041002,107,0,0.0,0.0,0.0,0.0,0.0,0.0,0.0,0.0
268041001,97,0,0.0,0.0,0.0,0.0,0.0,0.0,0.0,0.0
268041013,81,30,0.0,0.0,0.0,0.0,0.0,0.0,0.0,0.0
268041005,85,0,0.0,0.0,0.0,0.0,0.0,0.0,0.0,0.0
268041004,94,1,0.0,0.0,0.0,0.0,0.0,0.0,0.0,0.0
268041003,87,3,0.0,0.0,0.0,0.0,0.0,0.0,0.0,0.0
268041006,104,0,0.0,0.0,0.0,0.0,0.0,0.0,0.0,0.0
268041009,98,5,0.0,0.0,0.0,0.0,0.0,0.0,0.0,0.0
268041012,20,53,0.0,0.0,0.0,0.0,0.0,0.0,0.0,0.0
268075011,58,30,0.0,0.0,0.0,0.0,0.0,0.0,0.0,0.0
268075002,63,24,0.0,0.0,0.0,0.0,0.0,0.0,0.0,0.0
268075007,82,0,0.0,0.0,0.0,0.0,0.0,0.0,0.0,0.0
268075001,81,4,0.0,0.0,0.0,0.0,0.0,0.0,0.0,0.0
268075010,72,0,0.0,0.0,0.0,0.0,0.0,0.0,0.0,0.0
268077004,73,4,0.0,0.0,0.0,0.0,0.0,0.0,0.0,0.0
268077008,128,1,0.0,0.0,0.0,0.0,0.0,0.0,0.0,0.0
268077009,118,0,0.0,0.0,0.0,0.0,0.0,0.0,0.0,0.0
268077010,84,0,0.0,0.0,0.0,0.0,0.0,0.0,0.0,0.0
268077003,102,3,0.0,0.0,0.0,0.0,0.0,0.0,0.0,0.0
268077006,85,0,0.0,0.0,0.0,0.0,0.0,0.0,0.0,0.0
268077007,112,0,0.0,0.0,0.0,0.0,0.0,0.0,0.0,0.0
268071001,118,1,0.0,0.0,0.0,0.0,0.0,0.0,0.0,0.0
268071018,80,0,0.0,0.0,0.0,0.0,0.0,0.0,0.0,0.0
268071023/04,45,22,0.0,0.0,0.0,0.0,0.0,0.0,0.0,0.0
268071023/03,36,31,0.0,0.0,0.0,0.0,0.0,0.0,0.0,0.0
267099028/01,236,0,0.0,0.0,0.0,0.0,0.0,0.0,0.0,0.0
267105018,68,34,0.0,0.0,0.0,0.0,0.0,0.0,0.0,0.0
267099027,89,0,0.0,0.0,0.0,0.0,0.0,0.0,0.0,0.0
267105017/02,123,0,0.0,0.0,0.0,0.0,0.0,0.0,0.0,0.0
267106005,132,4,0.0,0.0,0.0,0.0,0.0,0.0,0.0,0.0
267099032,46,34,0.0,0.0,0.0,0.0,0.0,0.0,0.0,0.0
267005001/01,141,0,0.0,0.0,0.0,0.0,0.0,0.0,0.0,0.0
267005005/02,27,117,0.0,0.0,0.0,0.0,0.0,0.0,0.0,0.0
267005004/01,74,0,0.0,0.0,0.0,0.0,0.0,0.0,0.0,0.0
267005004/02,0,120,0.0,0.0,0.0,0.0,0.0,0.0,0.0,0.0
268071022/01,96,41,0.0,0.0,0.0,0.0,0.0,0.0,0.0,0.0
267099028/02,72,0,0.0,0.0,0.0,0.0,0.0,0.0,0.0,0.0
268071023/02,36,24,0.0,0.0,0.0,0.0,0.0,0.0,0.0,0.0
267005004/03,79,51,0.0,0.0,0.0,0.0,0.0,0.0,0.0,0.0
268071024/01,0,189,0.0,0.0,0.0,0.0,0.0,0.0,0.0,0.0
268071024/02,106,27,0.0,0.0,0.0,0.0,0.0,0.0,0.0,0.0
268071002,54,51,0.0,0.0,0.0,0.0,0.0,0.0,0.0,0.0
267005002,87,0,0.0,0.0,0.0,0.0,0.0,0.0,0.0,0.0
268071024/03,108,0,0.0,0.0,0.0,0.0,0.0,0.0,0.0,0.0
267005005/01,104,0,0.0,0.0,0.0,0.0,0.0,0.0,0.0,0.0
268071024/04,97,0,0.0,0.0,0.0,0.0,0.0,0.0,0.0,0.0
267005003,142,0,0.0,0.0,0.0,0.0,0.0,0.0,0.0,0.0
268071024/06,116,0,0.0,0.0,0.0,0.0,0.0,0.0,0.0,0.0
268071024/05,93,32,0.0,0.0,0.0,0.0,0.0,0.0,0.0,0.0
268072013/04,0,134,0.0,0.0,0.0,0.0,0.0,0.0,0.0,0.0
267099026,26,107,0.4677024344569289,0.12833453496755587,111.9818032273515,186.10548499837262,579.2424153664631,279954.5080683788,465263.71249593154,1448106.0384161577
267005006,86,0,0.0,0.0,0.0,0.0,0.0,0.0,0.0,0.0
267099030,0,76,0.0,0.0,0.0,0.0,0.0,0.0,0.0,0.0
267099029,0,73,0.0,0.0,0.0,0.0,0.0,0.0,0.0,0.0
268071022/02,0,136,0.0,0.0,0.0,0.0,0.0,0.0,0.0,0.0
268071011,115,0,0.0,0.0,0.0,0.0,0.0,0.0,0.0,0.0
268071010,106,0,0.0,0.0,0.0,0.0,0.0,0.0,0.0,0.0
268071008,84,1,0.0,0.0,0.0,0.0,0.0,0.0,0.0,0.0
268071012,71,0,0.0,0.0,0.0,0.0,0.0,0.0,0.0,0.0
268071009,105,0,0.0,0.0,0.0,0.0,0.0,0.0,0.0,0.0
268071014,97,0,0.0,0.0,0.0,0.0,0.0,0.0,0.0,0.0
268071015,98,0,0.0,0.0,0.0,0.0,0.0,0.0,0.0,0.0
268071025,54,13,0.0,0.0,0.0,0.0,0.0,0.0,0.0,0.0
268071016,84,0,0.0,0.0,0.0,0.0,0.0,0.0,0.0,0.0
268071019,108,0,0.0,0.0,0.0,0.0,0.0,0.0,0.0,0.0
268071020,139,0,0.0,0.0,0.0,0.0,0.0,0.0,0.0,0.0
268071017,105,1,0.0,0.0,0.0,0.0,0.0,0.0,0.0,0.0
268071026/268071027/268071002/02/01,93,1,0.0,0.0,0.0,0.0,0.0,0.0,0.0,0.0
268071029,0,81,0.0,0.0,0.0,0.0,0.0,0.0,0.0,0.0
268071021,81,0,0.0,0.0,0.0,0.0,0.0,0.0,0.0,0.0
268071028,0,83,0.0,0.0,0.0,0.0,0.0,0.0,0.0,0.0
268071027/01,0,99,0.0,0.0,0.0,0.0,0.0,0.0,0.0,0.0
268071026/268071027/268071002/02/02,0,75,0.0,0.0,0.0,0.0,0.0,0.0,0.0,0.0
268071002/02,6,117,0.0,0.0,0.0,0.0,0.0,0.0,0.0,0.0
268071023/01,1,198,0.0,0.0,0.0,0.0,0.0,0.0,0.0,0.0
268074004,73,0,0.0,0.0,0.0,0.0,0.0,0.0,0.0,0.0
268075005,107,1,0.0,0.0,0.0,0.0,0.0,0.0,0.0,0.0
268075003,78,0,0.0,0.0,0.0,0.0,0.0,0.0,0.0,0.0
268074008,86,4,0.0,0.0,0.0,0.0,0.0,0.0,0.0,0.0
268125005,104,0,0.0,0.0,0.0,0.0,0.0,0.0,0.0,0.0
268075004,95,0,0.0,0.0,0.0,0.0,0.0,0.0,0.0,0.0
268125006,80,19,0.0,0.0,0.0,0.0,0.0,0.0,0.0,0.0
268125004,100,0,0.0,0.0,0.0,0.0,0.0,0.0,0.0,0.0
268074012,103,18,0.0,0.0,0.0,0.0,0.0,0.0,0.0,0.0
268074011,114,0,0.0,0.0,0.0,0.0,0.0,0.0,0.0,0.0
268075009,80,1,0.0,0.0,0.0,0.0,0.0,0.0,0.0,0.0
268074010,112,0,0.0,0.0,0.0,0.0,0.0,0.0,0.0,0.0
268075008,104,9,0.0,0.0,0.0,0.0,0.0,0.0,0.0,0.0
268073001,77,17,0.0,0.0,0.0,0.0,0.0,0.0,0.0,0.0
268073010,77,0,0.0,0.0,0.0,0.0,0.0,0.0,0.0,0.0
268073011,80,0,0.0,0.0,0.0,0.0,0.0,0.0,0.0,0.0
268075006,78,0,0.0,0.0,0.0,0.0,0.0,0.0,0.0,0.0
268073002,95,0,0.0,0.0,0.0,0.0,0.0,0.0,0.0,0.0
268071003,81,0,0.0,0.0,0.0,0.0,0.0,0.0,0.0,0.0
268073004,107,0,0.0,0.0,0.0,0.0,0.0,0.0,0.0,0.0
268073005,113,0,0.0,0.0,0.0,0.0,0.0,0.0,0.0,0.0
268073003,99,0,0.0,0.0,0.0,0.0,0.0,0.0,0.0,0.0
268071004,137,0,0.0,0.0,0.0,0.0,0.0,0.0,0.0,0.0
268071005,97,0,0.0,0.0,0.0,0.0,0.0,0.0,0.0,0.0
268073009,141,0,0.0,0.0,0.0,0.0,0.0,0.0,0.0,0.0
268073008,143,0,0.0,0.0,0.0,0.0,0.0,0.0,0.0,0.0
268071013,90,0,0.0,0.0,0.0,0.0,0.0,0.0,0.0,0.0
268073007,88,2,0.0,0.0,0.0,0.0,0.0,0.0,0.0,0.0
268073006,86,0,0.0,0.0,0.0,0.0,0.0,0.0,0.0,0.0
268071006,96,0,0.0,0.0,0.0,0.0,0.0,0.0,0.0,0.0
268071007,110,0,0.0,0.0,0.0,0.0,0.0,0.0,0.0,0.0
268074009,88,0,0.0,0.0,0.0,0.0,0.0,0.0,0.0,0.0
268074005,97,0,0.0,0.0,0.0,0.0,0.0,0.0,0.0,0.0
268072015,75,0,0.0,0.0,0.0,0.0,0.0,0.0,0.0,0.0
267004008,84,0,0.0,0.0,0.0,0.0,0.0,0.0,0.0,0.0
267004002,109,0,0.0,0.0,0.0,0.0,0.0,0.0,0.0,0.0
267004004,108,0,1.2289201588413923,0.6403889304412864,882.4229783527062,1807.341667296563,4832.67107741794,2206057.4458817653,4518354.168241408,12081677.69354485
267004020,107,12,0.6588679347826087,0.42847638057218895,523.69088149872,921.1272441285857,2690.310259652303,1309227.2037468,2302818.1103214645,6725775.649130758
267004017,101,0,0.6395898876404494,0.12010796221322537,128.80233723498486,224.04265610892259,655.4481643626162,322005.8430874621,560106.6402723065,1638620.4109065407
267004018,92,0,0.3852915129151292,0.30211817168338906,250.30708963606287,372.1505063307321,1167.08335175198,625767.7240901572,930376.2658268303,2917708.37937995
267004001,109,0,0.4170532467532468,0.14264542423119675,144.25194053805944,220.94801199339753,684.1573244193222,360629.85134514864,552370.0299834938,1710393.3110483056
267004026,94,0,0.8460111111111113,0.4096306068601583,441.0127453931267,829.2772521380496,2352.263617939296,1102531.8634828168,2073193.1303451238,5880659.044848241
267004003,112,0,0.0,0.0,0.0,0.0,0.0,0.0,0.0,0.0
267004019,103,15,0.3223494152046784,0.1911682504192286,181.1296271370972,252.709783782328,819.1240090287207,452824.067842743,631774.45945582,2047810.0225718017
267004027,74,0,0.41697000000000006,0.0802407221664995,55.08463570650069,84.36581748098753,261.2438741394267,137711.5892662517,210914.54370246883,653109.6853485667
267095020,101,11,0.8170893465909091,0.2656603773584906,324.3863661588799,605.6555375899345,1726.8425381504403,810965.9153971998,1514138.8439748362,4317106.3453761
268041010,127,0,0.0,0.0,0.0,0.0,0.0,0.0,0.0,0.0
268126008,19,84,0.0,0.0,0.0,0.0,0.0,0.0,0.0,0.0
268126007,0,92,0.0,0.0,0.0,0.0,0.0,0.0,0.0,0.0
268041011,95,0,0.0,0.0,0.0,0.0,0.0,0.0,0.0,0.0
268126003,119,0,0.0,0.0,0.0,0.0,0.0,0.0,0.0,0.0
268126010,59,29,0.0,0.0,0.0,0.0,0.0,0.0,0.0,0.0
268126004,131,0,0.0,0.0,0.0,0.0,0.0,0.0,0.0,0.0
268126009,95,39,0.0,0.0,0.0,0.0,0.0,0.0,0.0,0.0
268126015,80,1,0.0,0.0,0.0,0.0,0.0,0.0,0.0,0.0
268126013,105,0,0.0,0.0,0.0,0.0,0.0,0.0,0.0,0.0
268126012,106,1,0.0,0.0,0.0,0.0,0.0,0.0,0.0,0.0
268126011,106,0,0.0,0.0,0.0,0.0,0.0,0.0,0.0,0.0
268074002,96,2,0.0,0.0,0.0,0.0,0.0,0.0,0.0,0.0
268074001,100,0,0.0,0.0,0.0,0.0,0.0,0.0,0.0,0.0
268074014,146,0,0.0,0.0,0.0,0.0,0.0,0.0,0.0,0.0
268074013,110,25,0.0,0.0,0.0,0.0,0.0,0.0,0.0,0.0
268074003,87,0,0.0,0.0,0.0,0.0,0.0,0.0,0.0,0.0
268074006,92,0,0.0,0.0,0.0,0.0,0.0,0.0,0.0,0.0
268074007,112,1,0.0,0.0,0.0,0.0,0.0,0.0,0.0,0.0
268124005,97,0,0.0,0.0,0.0,0.0,0.0,0.0,0.0,0.0
268126006,72,2,1.277223845517893,0.6497383243550194,609.9439163234127,1265.0163226314405,3363.255832686084,1524859.790808532,3162540.8065786012,8408139.58171521
268124007,88,0,0.0,0.0,0.0,0.0,0.0,0.0,0.0,0.0
268126005,79,5,0.7802594594594596,0.08268156424581005,76.07372707399394,139.81674534384902,400.16458915077783,190184.31768498485,349541.86335962254,1000411.4728769446
268124004,106,0,0.0,0.0,0.0,0.0,0.0,0.0,0.0,0.0
268126014,68,66,0.0,0.0,0.0,0.0,0.0,0.0,0.0,0.0
268124006,112,0,0.0,0.0,0.0,0.0,0.0,0.0,0.0,0.0
268126001,101,0,0.0,0.0,0.0,0.0,0.0,0.0,0.0,0.0
268126002,79,3,0.0,0.0,0.0,0.0,0.0,0.0,0.0,0.0
268124008,98,12,0.0,0.0,0.0,0.0,0.0,0.0,0.0,0.0
268124002,112,0,0.0,0.0,0.0,0.0,0.0,0.0,0.0,0.0
268124001/01,61,14,0.9266342857142857,0.022026431718061675,17.92261256862012,34.94670185950534,98.59138968992445,44806.5314215503,87366.75464876335,246478.47422481113
268124001/02,44,38,0.0,0.0,0.0,0.0,0.0,0.0,0.0,0.0
268125008,102,12,0.0,0.0,0.0,0.0,0.0,0.0,0.0,0.0
268124003,117,0,0.0,0.0,0.0,0.0,0.0,0.0,0.0,0.0
267130001,53,37,0.0,0.0,0.0,0.0,0.0,0.0,0.0,0.0
268125007,104,12,0.0,0.0,0.0,0.0,0.0,0.0,0.0,0.0
268125003,79,4,0.0,0.0,0.0,0.0,0.0,0.0,0.0,0.0
268125002,80,0,0.0,0.0,0.0,0.0,0.0,0.0,0.0,0.0
268125001/01,75,8,0.8435321428571427,0.010137581462708182,9.2551547267369,17.451503447456272,49.60124914731611,23137.88681684225,43628.75861864068,124003.12286829027
268125001/02,22,50,1.3927776119402986,0.06405353728489484,42.19010815437448,94.58128150899523,252.835412557415,105475.2703859362,236453.20377248808,632088.5313935375
267130014,77,0,0.7238443755535873,0.19929390997352162,168.76521198671355,302.9932591479677,873.353078391335,421913.0299667839,757483.1478699193,2183382.6959783374
267130016,72,0,0.4619437575757576,0.4108565737051793,285.8252463438183,454.700832653825,1385.8025735443816,714563.1158595458,1136752.0816345625,3464506.433860954
267130019,129,0,0.9095070707070707,0.05175117616309462,77.952392596576,149.94064370015522,422.3207844104264,194880.98149144,374851.60925038805,1055801.961026066
267130002,140,2,0.0,0.0,0.0,0.0,0.0,0.0,0.0,0.0
267130003,111,0,0.0,0.0,0.0,0.0,0.0,0.0,0.0,0.0
267130018,102,25,0.4670958649468893,0.7061344762925261,801.3559111793979,1289.2056137149057,3939.3838828136886,2003389.7779484948,3223014.034287264,9848459.70703422
267130007,80,6,0.0,0.0,0.0,0.0,0.0,0.0,0.0,0.0
267130005,105,0,0.0,0.0,0.0,0.0,0.0,0.0,0.0,0.0
267130006,93,0,0.0,0.0,0.0,0.0,0.0,0.0,0.0,0.0
267130011,99,15,0.0,0.0,0.0,0.0,0.0,0.0,0.0,0.0
267130012,95,0,0.0,0.0,0.0,0.0,0.0,0.0,0.0,0.0
267130015,103,0,0.28083461538461535,0.014549524342473419,12.15450298209683,16.017697042902768,53.005016533750556,30386.257455242074,40044.24260725692,132512.54133437638
267130020,102,11,0.5325556499575191,0.5042844901456727,554.903256973075,925.6069974749004,2772.7159923975514,1387258.1424326876,2314017.493687251,6931789.980993878
267130021,68,30,0.44041707317073164,0.023085585585585586,18.79260803083924,29.716172121578882,91.88952565713501,46981.5200770981,74290.4303039472,229723.81414283754
267130022,130,0,0.3692388888888889,0.012186865267433988,14.049475012222047,20.554826565489797,64.91146830308999,35123.687530555115,51387.0664137245,162278.67075772496
267130009,82,0,0.0,0.0,0.0,0.0,0.0,0.0,0.0,0.0
267130017,98,0,0.3899195767195767,0.6844283497154682,606.6951914853214,906.0914975121805,2836.0517521227885,1516737.9787133036,2265228.7437804514,7090129.380306971
267130004,80,0,0.0,0.0,0.0,0.0,0.0,0.0,0.0,0.0
267130008,95,0,0.514,0.005021971123666039,4.795403473888402,7.9038942288967515,23.728891163886665,11988.508684721004,19759.73557224188,59322.22790971666
267130010,106,0,0.0,0.0,0.0,0.0,0.0,0.0,0.0,0.0
267130013,75,1,0.0,0.0,0.0,0.0,0.0,0.0,0.0,0.0
267004021,96,0,0.3911420454545455,0.038294168842471714,33.290702407955,49.777928129755736,155.72521503444753,83226.7560198875,124444.82032438934,389313.03758611885
268072013/03,105,0,0.0,0.0,0.0,0.0,0.0,0.0,0.0,0.0
268072006,90,27,0.0,0.0,0.0,0.0,0.0,0.0,0.0,0.0
268072013/05,0,108,0.0,0.0,0.0,0.0,0.0,0.0,0.0,0.0
268072001,144,0,0.0,0.0,0.0,0.0,0.0,0.0,0.0,0.0
268072002,112,0,0.0,0.0,0.0,0.0,0.0,0.0,0.0,0.0
268072013/06,0,123,0.0,0.0,0.0,0.0,0.0,0.0,0.0,0.0
268072013/07,37,76,0.0,0.0,0.0,0.0,0.0,0.0,0.0,0.0
268072013/10,98,0,0.0,0.0,0.0,0.0,0.0,0.0,0.0,0.0
268072012,34,61,0.0,0.0,0.0,0.0,0.0,0.0,0.0,0.0
268072013/01/268072013/01,70,62,0.0,0.0,0.0,0.0,0.0,0.0,0.0,0.0
268072013/09,89,0,0.0,0.0,0.0,0.0,0.0,0.0,0.0,0.0
268072013/08,21,95,0.0,0.0,0.0,0.0,0.0,0.0,0.0,0.0
268072003,107,0,0.0,0.0,0.0,0.0,0.0,0.0,0.0,0.0
268072010,0,141,0.0,0.0,0.0,0.0,0.0,0.0,0.0,0.0
268072005,106,7,0.0,0.0,0.0,0.0,0.0,0.0,0.0,0.0
268072009,95,8,0.0,0.0,0.0,0.0,0.0,0.0,0.0,0.0
268072014,74,0,0.0,0.0,0.0,0.0,0.0,0.0,0.0,0.0
268072011,7,110,0.0,0.0,0.0,0.0,0.0,0.0,0.0,0.0
268072004,112,22,0.0,0.0,0.0,0.0,0.0,0.0,0.0,0.0
268072008,93,42,0.0,0.0,0.0,0.0,0.0,0.0,0.0,0.0
268072013/02,0,117,0.0,0.0,0.0,0.0,0.0,0.0,0.0,0.0
268072007,0,88,0.0,0.0,0.0,0.0,0.0,0.0,0.0,0.0
267004010,94,45,0.5785987704918033,0.059650409485392984,74.58448887296638,128.13043530544832,381.9692242300199,186461.22218241595,320326.0882636208,954923.0605750497
267004007,69,35,0.5338971223021582,0.3564102564102564,324.9649862247789,547.6673333606102,1648.9866246691236,812412.4655619472,1369168.3334015254,4122466.561672809
267004006,115,0,0.5665681551116334,0.3889396709323583,460.18233795248835,776.6134992577915,2305.0363243470256,1150455.844881221,1941533.7481444788,5762590.810867564
267004005,87,0,0.569206462585034,0.1453287197231834,130.2334157436729,220.03597340721115,652.7215610186977,325583.5393591823,550089.9335180279,1631803.9025467443
267004023,100,0,0.5767718703976437,0.36702702702702705,379.3024836501893,642.9401655800062,1904.2591207000105,948256.2091254732,1607350.4139500156,4760647.801750027
267004025,105,27,0.8506548944337812,0.5533722782793414,768.6243287085172,1459.6905273397554,4154.038762082067,1921560.821771293,3649226.3183493884,10385096.905205166
267004024,105,0,0.634633904109589,0.3959322033898305,440.4794955859047,764.6792949699975,2239.190704635248,1101198.7389647618,1911698.2374249937,5597976.76158812
267004022,59,2,0.43156000000000005,0.002727768685215494,1.543709003318765,2.3974437321015674,7.388962386382724,3859.2725082969127,5993.609330253918,18472.405965956812
267004015,131,0,0.0,0.0,0.0,0.0,0.0,0.0,0.0,0.0
267004009,52,48,0.0,0.0,0.0,0.0,0.0,0.0,0.0,0.0
267004016,94,0,0.0,0.0,0.0,0.0,0.0,0.0,0.0,0.0
267004012,53,30,0.0,0.0,0.0,0.0,0.0,0.0,0.0,0.0
267004013,39,56,0.0,0.0,0.0,0.0,0.0,0.0,0.0,0.0
267004014,64,19,0.0,0.0,0.0,0.0,0.0,0.0,0.0,0.0
267004011/01,79,18,0.0,0.0,0.0,0.0,0.0,0.0,0.0,0.0
267004011/02,73,50,0.0,0.0,0.0,0.0,0.0,0.0,0.0,0.0
267004011/03,3,116,1.0594861041666668,0.4382360996987127,382.82186327763435,816.7401417815786,2312.8919227985834,957054.6581940859,2041850.3544539465,5782229.806996458
267095008,108,0,0.45228559837728194,0.14105865522174535,145.9372065244293,230.36323076889497,704.3536195253722,364843.01631107327,575908.0769222374,1760884.0488134306
267095018,127,0,0.5108531830238727,0.10218186746171568,130.25409694923644,214.37291045129206,644.0456291179871,325635.2423730911,535932.2761282302,1610114.0727949678
267095011,92,2,0.4629909090909091,0.12364945978391356,111.44429342885785,177.56462628223642,541.217445710533,278610.73357214464,443911.56570559106,1353043.6142763323
267095002,95,13,0.7267933574879227,0.13049645390070921,147.68116072460467,266.58071362710416,769.7146341395273,369202.90181151166,666451.7840677605,1924286.5853488185
267095001,83,0,0.2796870967741935,0.008938869665513265,6.010147318162433,7.908016201067971,26.187728902945477,15025.368295406082,19770.040502669926,65469.32225736369
267095006,107,0,0.0,0.0,0.0,0.0,0.0,0.0,0.0,0.0
267095003,93,1,0.0,0.0,0.0,0.0,0.0,0.0,0.0,0.0
267095010,107,0,0.0,0.0,0.0,0.0,0.0,0.0,0.0,0.0
267095017,10,103,0.0,0.0,0.0,0.0,0.0,0.0,0.0,0.0
267095007,123,12,1.5584358241758243,0.009643916913946587,16.089174724176356,36.40698897041517,94.5203537843822,40222.93681044089,91017.47242603793,236300.88446095548
267095009,67,0,0.0,0.0,0.0,0.0,0.0,0.0,0.0,0.0
267095005,116,18,0.9233980392156863,0.0010190692500849224,1.5140443846661573,2.9421585475897314,8.294793790722059,3785.1109616653935,7355.396368974329,20736.984476805148
267095004,68,1,1.7145929223744294,0.02261578974544328,19.899817755967714,46.877025424356695,120.00492676072707,49749.54438991928,117192.56356089174,300012.3169018177
267095015,119,0,0.0,0.0,0.0,0.0,0.0,0.0,0.0,0.0
267095013,115,0,0.0,0.0,0.0,0.0,0.0,0.0,0.0,0.0
267095012,103,0,0.0,0.0,0.0,0.0,0.0,0.0,0.0,0.0
267095016,82,2,0.0,0.0,0.0,0.0,0.0,0.0,0.0,0.0
267095014,105,0,0.0,0.0,0.0,0.0,0.0,0.0,0.0,0.0
267095028,61,28,0.0,0.0,0.0,0.0,0.0,0.0,0.0,0.0
267095024,65,3,0.0,0.0,0.0,0.0,0.0,0.0,0.0,0.0
267095029,66,0,0.0,0.0,0.0,0.0,0.0,0.0,0.0,0.0
267095030,84,5,0.0,0.0,0.0,0.0,0.0,0.0,0.0,0.0
267095031,63,10,2.3898633333333335,0.0195578735257512,17.27976879988832,47.467480929756455,118.70126530365533,43199.4219997208,118668.70232439114,296753.16325913835
267095032,69,0,0.0,0.0,0.0,0.0,0.0,0.0,0.0,0.0
267095023,72,1,0.0,0.0,0.0,0.0,0.0,0.0,0.0,0.0
267095033,78,24,0.0,0.0,0.0,0.0,0.0,0.0,0.0,0.0
267095025,115,13,0.0,0.0,0.0,0.0,0.0,0.0,0.0,0.0
267095026,83,5,0.0,0.0,0.0,0.0,0.0,0.0,0.0,0.0
267095027,93,0,1.8578376,0.00476009139375476,5.679300054851627,13.894854605117823,35.17760375555737,14198.250137129067,34737.13651279456,87944.00938889342
267095022,18,91,1.019690361445783,0.09541448460850684,82.79371587342777,173.00693305201997,490.9634038110195,206984.28968356943,432517.33263004996,1227408.5095275487
267095019/267095021,42,49,1.4223086214077467,0.09049790810749689,82.14704139111502,183.52184589834383,487.02247718308774,205367.60347778758,458804.6147458596,1217556.1929577193
267105016,60,37,0.0,0.0,0.0,0.0,0.0,0.0,0.0,0.0
267105015,13,55,0.941,0.0061823802163833074,3.330200278345366,6.7768573200852655,19.40137629984226,8325.500695863415,16942.143300213163,48503.440749605645
267111010/01,60,39,0.0,0.0,0.0,0.0,0.0,0.0,0.0,0.0
267111010/02,66,9,0.0,0.0,0.0,0.0,0.0,0.0,0.0,0.0
267111002/04,98,0,0.0,0.0,0.0,0.0,0.0,0.0,0.0,0.0
267111006,0,113,0.8499966966966968,0.1765641569459173,136.43800259181762,272.8218527901507,794.6100872001061,341095.00647954404,682054.6319753766,1986525.2180002653
267111002/02,75,0,0.5714891304347826,0.013458162668227034,10.407166841625475,17.600774027353275,52.186768342224354,26017.917104063687,44001.93506838319,130466.9208555609
267111010/03,0,113,0.0,0.0,0.0,0.0,0.0,0.0,0.0,0.0
267111002/03,108,0,0.0,0.0,0.0,0.0,0.0,0.0,0.0,0.0
267111007,99,0,0.8514971470373079,0.33996518279035065,386.12838528436475,727.5364411498537,2062.3714520063813,965320.9632109118,1818841.102874634,5155928.630015953
267111001,86,5,0.7237999360511591,0.27359412133494687,267.7607078482308,481.65223617183665,1389.6978246607136,669401.7696205771,1204130.5904295917,3474244.561651784
267111009,103,16,0.46576864864864864,0.15607424071991002,170.29964953721804,273.03543730869495,833.4779185600386,425749.1238430451,682588.5932717373,2083694.7964000965
267110006,94,0,0.0,0.0,0.0,0.0,0.0,0.0,0.0,0.0
267110001,78,0,0.0,0.0,0.0,0.0,0.0,0.0,0.0,0.0
267110002,95,0,0.0,0.0,0.0,0.0,0.0,0.0,0.0,0.0
267111008,94,0,0.5640955056179776,0.12065070040668775,116.55654937050369,196.49205865278122,583.501946630811,291391.3734262592,491230.1466319531,1458754.8665770274
267110003,116,0,0.0,0.0,0.0,0.0,0.0,0.0,0.0,0.0
267111004,137,0,0.5883784615384616,0.020255531318167652,28.823424844440652,49.098964841258365,145.07799033575975,72058.56211110162,122747.4121031459,362694.9758393994
267110004,116,0,0.0,0.0,0.0,0.0,0.0,0.0,0.0,0.0
267111003,89,0,0.0,0.0,0.0,0.0,0.0,0.0,0.0,0.0
267110005,55,23,0.0,0.0,0.0,0.0,0.0,0.0,0.0,0.0
267111012,108,0,0.0,0.0,0.0,0.0,0.0,0.0,0.0,0.0
267110012,78,0,0.0,0.0,0.0,0.0,0.0,0.0,0.0,0.0
267110014,85,0,0.0,0.0,0.0,0.0,0.0,0.0,0.0,0.0
267110010,148,0,0.0,0.0,0.0,0.0,0.0,0.0,0.0,0.0
267110013,104,0,0.0,0.0,0.0,0.0,0.0,0.0,0.0,0.0
267110007,120,0,0.0,0.0,0.0,0.0,0.0,0.0,0.0,0.0
267110009,91,0,0.0,0.0,0.0,0.0,0.0,0.0,0.0,0.0
267110011,112,8,0.9649229567307693,0.07242970314268303,100.3905127655365,197.27208960578457,553.1062919447651,250976.28191384126,493180.22401446145,1382765.7298619128
267110008,100,0,0.0,0.0,0.0,0.0,0.0,0.0,0.0,0.0
267111005,125,6,1.187039767963755,0.35514285714285715,576.0176837452417,1175.5586945689824,3169.308388404268,1440044.2093631043,2938896.7364224563,7923270.97101067
267111002/01,9,72,0.9239024039789998,0.2039390267955256,123.95603902798712,252.3991890946512,725.9501127300541,309890.0975699678,630997.972736628,1814875.2818251352
267111011,111,0,0.7366015873015872,0.004369235037103822,5.361572615011615,9.66952272686127,27.813103739740452,13403.931537529037,24173.806817153178,69532.75934935112
267158009/02,119,4,0.0,0.0,0.0,0.0,0.0,0.0,0.0,0.0
